id,premise,choice1,choice2,question,label,mirrored,premise_opus,choice1_opus,choice2_opus
1283,The boy was struggling to fall asleep.,He turned on his nightlight.,He watched a horror movie.,cause,1,1,Ang bata ay nahihirapang makatulog.,Binuksan niya ang kaniyang liwanag sa gabi.,Nanood siya ng isang pelikulang horror.
207,The tenants were evicted from the apartment.,They neglected to pay their rent.,They got along with their landlord.,cause,1,0,Ang mga nangungupahan ay pinaalis sa apartment.,Hindi nila nabayaran ang kanilang upa.,Nakasundo nila ang kanilang kasera.
1317,The man felt unrested in the morning.,He went camping in the woods.,He fell asleep on his couch.,cause,2,1,Ang lalaki ay naligalig sa umaga.,Nagkamping siya sa kakahuyan.,Siya'y nakatulog sa kaniyang higaan.
1006,The politician won the election.,No one voted for him.,He ran negative campaign ads.,cause,2,1,Nanalo ang politiko sa halalan.,Walang bumoto para sa kaniya.,Siya'y naglabas ng negatibong mga anunsiyo sa kampanya.
170,The dust came off the desk.,I removed the books from the desk.,I wiped the desk with a cloth.,cause,2,0,Ang alikabok ay nahulog sa mesa.,Inalis ko ang mga aklat sa mesa.,Pinahid ko ang mesa sa pamamagitan ng isang tela.
194,The boy felt homesick.,He went away to camp.,He bickered with his sister.,cause,1,0,Ang bata ay nakaramdam ng pananabik na umuwi.,Siya'y nagtungo sa kampo.,Nagalit siya sa kaniyang kapatid na babae.
400,The soldiers were concealed in the brush.,They were armed with rifles.,They wore camouflage uniforms.,cause,2,0,Ang mga sundalo ay itinago sa pinsel.,Sila'y nasasandatahan ng mga riple.,Nakasuot sila ng unipormeng pangbalatkayo.
262,The man revealed personal information to the therapist.,He trusted the therapist.,He disagreed with the therapist.,cause,1,0,Isiniwalat ng lalaki ang personal na impormasyon sa therapist.,Nagtiwala siya sa therapist.,Hindi siya sang - ayon sa terapis.
361,The patient underwent the risky medical procedure.,The procedure was costly.,Specialists recommended the procedure.,cause,2,0,Ang pasyente ay sumailalim sa mapanganib na paraan ng paggamot.,Ang pamamaraan ay magastos.,Inirekomenda ng mga dalubhasa ang pamamaraang ito.
1480,The man did not lose coins in his pocket anymore.,His pocket was filled with coins.,He sewed the hole in his pocket.,cause,2,1,Ang lalaki ay hindi na nawalan ng mga barya sa kaniyang bulsa.,Ang kaniyang bulsa ay punô ng mga barya.,Itinahi niya ang butas sa kaniyang bulsa.
317,The man was bitten by mosquitoes.,He fell asleep on his couch.,He went camping in the woods.,cause,2,0,Nakagat ng lamok ang lalaki.,Siya'y nakatulog sa kaniyang higaan.,Nagkamping siya sa kakahuyan.
149,The driver pulled over to the side of the road.,He noticed a stranded vehicle.,He went through an intersection.,cause,1,0,Ang tsuper ay lumapit sa tabi ng daan.,Napansin niya ang isang sasakyang nasa kagipitan.,Siya'y dumaan sa isang interseksiyon.
436,The police searched the offender's car.,They were looking for illegal drugs.,They were trying to elicit a confession.,cause,1,0,Hinalughog ng pulis ang kotse ng nagkasala.,Sila'y naghahanap ng ipinagbabawal na mga gamot.,Sinisikap nilang mangumpisal.
129,The trip took a long time., The driver talked the whole way.,The driver made a wrong turn.,cause,2,0,Matagal ang biyahe.,Ang tsuper ay nagsalita sa buong paraan.,Ang tsuper ay gumawa ng maling pagliko.
305,The woman refused a second beer.,She was familiar with the bartender.,She was the designated driver for the night.,cause,2,0,Ang babae ay tumanggi sa ikalawang beer.,Pamilyar siya sa barnder.,Siya ang itinalagang tsuper para sa gabing iyon.
1416,The defendant listened anxiously.,The courtroom broke into uproar.,The jury announced its verdict.,cause,2,1,Buong - pananabik na nakinig ang nasasakdal.,Ang hukuman ay nagkagulo.,Ipinahayag ng hurado ang hatol nito.
1200,The woman felt extremely fatigued.,She grabbed the doorknob.,She pounded on the door.,cause,2,1,Gayon na lamang ang pagod ng babae.,Sinunggaban niya ang pintoknob.,Hinampas niya ang pinto.
123,The inside of the train went dark.,The train travelled through a tunnel.,The train ran off the tracks.,cause,1,0,Ang loob ng tren ay dumidilim.,Ang tren ay naglakbay sa isang tunel.,Ang tren ay bumaba sa riles.
1028,The child was not vaccinated but did not get the disease.,He received the vaccine for the disease.,He avoided exposure to the disease.,cause,2,1,Ang bata ay hindi nabakunahan subalit hindi niya nakuha ang sakit.,Natanggap niya ang bakuna para sa sakit.,Iniiwasan niya ang pagkahantad sa sakit.
1004,The runner stretched.,She planned to run along the beach.,The forecast predicted high temperatures.,cause,1,1,Ang mananakbo ay nag - unat.,Nagplano siyang tumakbo sa kahabaan ng dalampasigan.,Inihula ng hula ang mataas na temperatura.
333,The woman's purse was missing.,It contained a lot of junk.,She left it unsupervised.,cause,2,0,Nawawala ang pitaka ng babae.,Ito'y naglalaman ng maraming basura.,Hindi niya ito pinansin.
90,The boy read the novel aloud to his grandfather.,His grandfather was deaf.,His grandfather was blind.,cause,2,0,Binasa nang malakas ng batang lalaki ang nobela sa kaniyang lolo.,Ang kaniyang lolo ay bingi.,Bulag ang kanyang lolo.
76,The man closed the umbrella.,He got out of the car.,He approached the building.,cause,2,0,Isinara ng lalaki ang payong.,Lumabas siya ng kotse.,Lumapit siya sa gusali.
1464,I took off the rubber gloves.,I was preparing to clean the bathroom.,I was preparing to wash my hands.,cause,2,1,Inalis ko ang mga guwantes na goma.,Ako'y naghahanda upang linisin ang banyo.,Ako'y naghahandang maghugas ng aking mga kamay.
461,The mother called an ambulance.,Her son lost his cat.,Her son fell out of his bed.,cause,2,0,Tinawag ng ina ang ambulansiya.,Nawala ang pusa ng kanyang anak na lalaki.,Ang kaniyang anak na lalaki ay nahulog sa kaniyang kama.
1184,The benefactor looked extremely excited.,He supported the cause behind his donation.,He wanted to maintain his privacy.,cause,1,1,Ang tagapagpala ay mukhang tuwang - tuwa.,Sinuportahan niya ang dahilan sa likod ng kaniyang donasyon.,Nais niyang panatilihin ang kaniyang pribadong buhay.
93,The window was opaque.,The glass was stained.,The blinds were open.,cause,1,0,Ang bintana ay opaque.,Nabahiran ang salamin.,Ang mga bulag ay bukás.
1119,The boy's friends were scared.,He planned to ask the girl out.,His palms were cold and sweaty.,cause,2,1,Natakot ang mga kaibigan ng bata.,Binalak niyang tanungin ang babae.,Malamig at pawis ang kaniyang mga palad.
1316,The girl could barely see her reflection.,She felt self-conscious.,The mirror was smudged.,cause,2,1,Halos hindi makita ng batang babae ang kaniyang pagninilay - nilay.,Siya ay nakaramdam ng sarili-malay.,Nakulong ang salamin.
1396,The skier balanced only with her body.,She dropped her ski poles.,She hit a patch of ice.,cause,1,1,Ang nag - iiski ay timbang lamang sa kaniyang katawan.,Siya'y naghulog ng mga pole ng kaniyang iski.,Nagkaroon siya ng isang piraso ng yelo.
1176,The father laughed at the children's television.,The children were watching cartoons.,It was bedtime for the children.,cause,1,1,Pinagtawanan ng ama ang telebisyon ng mga bata.,Ang mga bata ay nanonood ng mga cartoon.,Gabi na para sa mga bata.
336,The rider fell to the ground.,The bull bucked the rider.,The bull chased the rider.,cause,1,0,Ang nakasakay rito ay nahulog sa lupa.,Tinalo ng toro ang nakasakay.,Hinabol ng toro ang nakasakay.
1104,The teenager always stayed home.,He relied on his parents.,His parents abused him.,cause,1,1,Laging nasa bahay ang tin - edyer.,Umasa siya sa kaniyang mga magulang.,Inabuso siya ng kaniyang mga magulang.
1336,The rider ran at full speed.,The bull bucked the rider.,The bull chased the rider.,cause,2,1,Ang nakasakay rito ay tumatakbo nang napakabilis.,Tinalo ng toro ang nakasakay.,Hinabol ng toro ang nakasakay.
388,The boy mimicked his older brother.,The boy looked up to his older brother.,The boy wrestled with his older brother.,cause,1,0,Tinularan ng bata ang kaniyang kuya.,Tiningnan ng bata ang kaniyang kuya.,Nakipagbuno ang bata sa kaniyang kuya.
283,The boy was afraid to go to bed.,He watched a horror movie.,He turned on his nightlight.,cause,1,0,Ang bata ay takot matulog.,Nanood siya ng isang pelikulang horror.,Binuksan niya ang kaniyang liwanag sa gabi.
454,The boy threw a temper tantrum.,He shared his toys with his brother.,His brother took his toys from him.,cause,2,0,Nag - alburoto ang bata.,Ibinahagi niya ang kaniyang mga laruan sa kaniyang kapatid na lalaki.,Kinuha ng kanyang kapatid ang kanyang mga laruan sa kanya.
1043,The executive decided to hire the applicant.,The applicant failed a background check.,The applicant had experience for the job.,cause,2,1,Ipinasiya ng ehekutibo na upahan ang aplikante.,Ang aplikante ay hindi nakapasa sa isang background check.,Ang aplikante ay may karanasan sa trabahong iyon.
1237,The man hid his feet.,He got a hole in his sock.,He dropped a hammer on his foot.,cause,1,1,Itinago ng lalaki ang kaniyang mga paa.,Nabutasan niya ang kaniyang puwitan.,Naghulog siya ng martilyo sa kaniyang paa.
273,The man took notice of the woman.,He caught a whiff of her perfume.,He had his back turned to her.,cause,1,0,Napansin ng lalaki ang babae.,Nakakuha siya ng kaunting pabango.,Siya'y tumalikod sa kaniya.
1463,I was less worried about losing the key.,I turned the key in the lock.,I made a duplicate of the key.,cause,2,1,Hindi na ako gaanong nag - aalala na baka mawala ang susi.,Binuksan ko ang susi sa kandado.,Kinopya ko ang susi.
70,The boy tuned the radio.,The station was playing rock music.,The station was coming in with static.,cause,2,0,Itinuloy ng batang lalaki ang radyo.,Ang istasyon ay tumutugtog ng musikang rock.,Ang istasyon ay pumapasok taglay ang static.
1465,The animal species became populous.,Their habitat was destroyed.,Their predators went extinct.,cause,2,1,Ang mga uri ng hayop ay naging matao.,Nasira ang kanilang tirahan.,Ang kanilang mga maninila ay nalipol.
1489,The woman contacted the maid service.,The woman needed to clean her house.,The woman planned to buy a condo.,cause,1,1,Nakipag - ugnayan ang babae sa paglilingkod sa alilang babae.,Kailangang linisin ng babae ang kaniyang bahay.,Ang babae ay nagplanong bumili ng isang condo.
1072,The police was hit by the suspect.,The suspect resisted arrest.,The police called for backup.,cause,2,1,Ang pulis ay tinamaan ng suspek.,Ang suspek ay tumanggi sa pag-aresto.,Ang pulisya ay tumawag ng backup.
1462,Everybody in the car stopped singing along.,The car radio shut off.,A deer appeared on the road.,cause,1,1,Lahat ng nasa kotse ay huminto ng pag - awit.,Ang radyo sa kotse ay nagsara.,Isang usa ang lumitaw sa daan.
128,The parents left their children with a babysitter.,They made plans to celebrate their anniversary.,Their youngest child started attending preschool.,cause,1,0,Iniwan ng mga magulang ang kanilang mga anak sa pamamagitan ng isang yaya.,Gumawa sila ng mga plano upang ipagdiwang ang kanilang anibersaryo.,Ang kanilang bunsong anak ay nagsimulang mag - aral sa preschool.
155,The woman received a diploma.,She enrolled in college.,She graduated from college.,cause,2,0,Ang babae ay tumanggap ng diploma.,Nagpatala siya sa kolehiyo.,Nagtapos siya ng kolehiyo.
21,The girl received a trophy.,She won a spelling bee.,She made a new friend.,cause,1,0,Ang batang babae ay tumanggap ng isang tropeo.,Nanalo siya ng isang espesyeng bubuyog.,Nagkaroon siya ng bagong kaibigan.
1118,The student learned most mistakes.,He talked back to the teacher.,The teacher graded his homework.,cause,2,1,Ang estudyante ay natuto ng karamihan ng pagkakamali.,Siya'y nakipag - usap sa guro.,Minaliit ng guro ang kaniyang araling - bahay.
1150,The patient felt happy.,The patient's family visited him.,The patient's symptoms cleared up.,cause,1,1,Ang pasyente ay nakadama ng kaligayahan.,Dinalaw siya ng pamilya ng pasyente.,Naibsan ang mga sintomas ng pasyente.
1005,The guests of the party brought candles.,It was a birthday party.,It was a surprise party.,cause,1,1,Ang mga panauhin ng partido ay nagdala ng mga kandila.,Iyon ay isang birthday party.,Iyon ay isang sorpresang parti.
300,The man felt thankful to be alive.,He was cured of cancer.,His wife was diagnosed with cancer.,cause,1,0,Ang lalaki ay nagpasalamat na siya'y buháy.,Siya ay gumaling sa kanser.,Ang kaniyang asawa ay nasuri na may kanser.
119,The boy's hands were shaking.,He planned to ask the girl out.,His palms were cold and sweaty.,cause,1,0,Ang mga kamay ng bata ay nangangatog.,Binalak niyang tanungin ang babae.,Malamig at pawis ang kaniyang mga palad.
445,The journalist wrote a biography about the humanitarian's life.,The humanitarian was difficult for the journalist to interview.,The journalist was intrigued by the humanitarian's work.,cause,2,0,Ang peryodista ay sumulat ng isang talambuhay tungkol sa buhay ng mapagkawanggawa.,Ang mapagkawanggawa ay mahirap kapanayamin ng peryodista.,Ang peryodista ay naintriga sa gawa ng mapagkawanggawa.
438,The man felt obligated to attend the event.,He promised his friend that he would go.,He turned down his friend's invitation to go.,cause,1,0,Nadama ng lalaki na obligado siyang dumalo sa okasyong iyon.,Ipinangako niya sa kaniyang kaibigan na siya'y aalis.,Tinanggihan niya ang paanyaya ng kaniyang kaibigan na pumunta.
485,The woman was arrested.,She committed assault.,She checked into rehab.,cause,1,0,Inaresto ang babae.,Siya'y gumawa ng pagsalakay.,Sinuri niya ang rehab.
1003,The women were surprised.,The cafe reopened in a new location.,They wanted to catch up with each other.,cause,1,1,Nagulat ang mga babae.,Muling binuksan ang cafe sa isang bagong lokasyon.,Nais nilang mag-alsa sa isa't isa.
1360,The teenager made many new friends.,He joined the basketball team.,He went through a growth spurt.,cause,1,1,Ang tin - edyer ay nagkaroon ng maraming bagong kaibigan.,Sumali siya sa koponan ng basketbol.,Bigla siyang lumaki.
1187,The boy cut his hand in the sand.,He was building a sand castle.,He was collecting seashells in the sand.,cause,2,1,Hiniwa ng batang lalaki ang kaniyang kamay sa buhangin.,Siya ay nagtatayo ng isang kastilyong buhangin.,Nagtitipon siya ng mga kabibi sa buhangin.
1364,I did not worry about my computer crashing.,I backed up my files.,I downloaded a virus.,cause,1,1,Hindi ako nag - alala sa pagbagsak ng aking computer.,Sinuhayan ko ang aking mga files.,Nag - download ako ng virus.
1096,The woman looked for a job.,She received a salary bonus.,Her husband got laid off.,cause,2,1,Ang babae ay humanap ng trabaho.,Tumanggap siya ng bonus sa suweldo.,Ang kaniyang asawa ay natanggal sa trabaho.
385,The librarian located the book in the stacks.,I requested the librarian's help.,The book was checked out.,cause,1,0,Nasumpungan ng katiwala ng aklatan ang aklat sa mga salansanan.,Humingi ako ng tulong sa katiwala ng aklatan.,Sinuri ang aklat.
1411,The bowling ball did not knock over any bowling pins.,The man dropped the bowling ball on his foot.,The man rolled the bowling ball down the alley.,cause,1,1,Ang bola ng bowling ay hindi nakatuktok sa anumang bowling pins.,Ibinaba ng lalaki ang bola sa kaniyang paa.,Pinagulong ng lalaki ang bola sa bowling sa iskinita.
1193,The student hid his test grade from his classmates.,He received a perfect score.,He feigned interest in the class.,cause,2,1,Initago ng estudyante ang kaniyang marka sa pagsusulit sa kaniyang mga kaklase.,Nakatanggap siya ng perpektong iskor.,Nagkunwari siyang interesado sa klase.
1300,The man felt depressed.,His wife was diagnosed with cancer.,He was cured of cancer.,cause,1,1,Ang lalaki ay nanlumo.,Ang kaniyang asawa ay nasuri na may kanser.,Siya ay gumaling sa kanser.
1021,The girl was not lonely anymore.,She made a new friend.,She won a spelling bee.,cause,1,1,Ang babae ay hindi na malungkot.,Nagkaroon siya ng bagong kaibigan.,Nanalo siya ng isang espesyeng bubuyog.
28,The child became immune to the disease.,He received the vaccine for the disease.,He avoided exposure to the disease.,cause,1,0,Ang bata ay hindi na tinatablan ng sakit.,Natanggap niya ang bakuna para sa sakit.,Iniiwasan niya ang pagkahantad sa sakit.
297,The man took a shower.,He opened a new bar of soap.,He was sweaty from working out.,cause,2,0,Ang lalaki ay naliligo.,Binuksan niya ang isang bagong bareta ng sabon.,Siya'y pawis na pawis dahil sa pagtatrabaho.
1180,The mother suspected that her son was upset.,He refused to talk to her.,He avoided making eye contact with her.,cause,1,1,Pinaghinalaan ng ina na ang kaniyang anak na lalaki ay nabalisa.,Tumanggi siyang makipag - usap sa kaniya.,Iniiwasan niya ang pagtingin sa kaniya.
1117,I promised to give a straight answer to the question.,The question made me uncomfortable.,I wanted to be honest.,cause,2,1,Nangako akong magbibigay ng tuwirang sagot sa tanong na ito.,Hindi ako komportable sa tanong na ito.,Gusto kong maging tapat.
1161,The coach gave his player a headshake.,The player got a penalty.,The player scored a point.,cause,1,1,Binigyan ng coach ang kaniyang manlalaro ng pag - alog sa ulo.,Nakakuha ng parusa ang manlalaro.,Ang manlalaro ay nakakuha ng puntos.
1210,The parents allowed their children to watch the movie.,The movie was rated R.,The movie was animated.,cause,2,1,Pinayagan ng mga magulang ang kanilang mga anak na manood ng pelikula.,Ang pelikula ay inuri na R.,Ang pelikula ay masigla.
1394,The mother praised her daughter.,Her daughter set the kitchen table.,Her daughter burped at the kitchen table.,cause,1,1,Pinuri ng ina ang kaniyang anak na babae.,Ang kaniyang anak na babae ang naglagay ng mesa sa kusina.,Ang kaniyang anak na babae ay sumagwan sa mesa sa kusina.
1417,The children rang the bell at the woman's house.,The children trampled through her garden.,The children hit a ball into her yard.,cause,2,1,Pinatunog ng mga bata ang kampana sa bahay ng babae.,Niyurakan ng mga bata ang kaniyang hardin.,Ang mga bata ay nagpatama ng bola sa kaniyang bakuran.
184,The benefactor requested to stay anonymous.,He supported the cause behind his donation.,He wanted to maintain his privacy.,cause,2,0,Hiniling ng tagapagpala na manatiling di - kilala.,Sinuportahan niya ang dahilan sa likod ng kaniyang donasyon.,Nais niyang panatilihin ang kaniyang pribadong buhay.
350,Marine life diminished.,Boats sailed through the ocean.,Oil spilled into the ocean.,cause,2,0,Ang buhay - dagat ay nabawasan.,Ang mga bangka ay naglalayag sa karagatan.,Ang langis ay natapon sa karagatan.
1493,The man saw an empty parking spot.,The parking meter expired.,He parallel parked on the street.,cause,2,1,Nakita ng lalaki ang isang bakanteng paradahan.,Natapos na ang parking meter.,Nakahilera siya sa nakaparadang mga sasakyan sa lansangan.
1385,The librarian told me that I couldn't borrow the book.,The book was checked out.,I requested the librarian's help.,cause,1,1,Sinabi sa akin ng katiwala ng aklatan na hindi ko maaaring hiramin ang aklat.,Sinuri ang aklat.,Humingi ako ng tulong sa katiwala ng aklatan.
1040,The woman hired a public relations consultant.,She decided to run for office.,She decided to sue her employer.,cause,1,1,Umupa ang babae ng isang public relation consultant.,Nagpasiya siyang tumakbo para manungkulan.,Ipinasiya niyang idemanda ang kaniyang amo.
416,The judge pounded the gavel.,The jury announced its verdict.,The courtroom broke into uproar.,cause,2,0,Hinampas ng hukom ang hitl.,Ipinahayag ng hurado ang hatol nito.,Ang hukuman ay nagkagulo.
280,The woman's eyeglasses fogged up.,She entered the sauna.,She reclined by the pool.,cause,1,0,Ang mga salamin sa mata ng babae ay dumidilim.,Pumasok siya sa sauna.,Naupo siya sa tabi ng tipunang - tubig.
243,The family postponed the barbeque.,The forecast called for storms.,It was a holiday weekend.,cause,1,0,Inantala ng pamilya ang pag - aayos ng mga tinik.,Ang paghula ay nangangailangan ng mga bagyo.,Iyon ay isang kapistahang dulo ng sanlinggo.
1352,The customer was embarassed at the cash register.,The window display caught her eye.,She left her wallet at home.,cause,2,1,Ang parokyano ay inembaras sa cash register.,Ang displey sa bintana ay nakatawag ng kaniyang pansin.,Iniwan niya ang kaniyang pitaka sa bahay.
1361,The patient could not afford the medical procedure.,The procedure was costly.,Specialists recommended the procedure.,cause,1,1,Hindi kaya ng pasyente ang paraan ng paggamot.,Ang pamamaraan ay magastos.,Inirekomenda ng mga dalubhasa ang pamamaraang ito.
1211,The woman read the email.,The sender tried to solicit money from her.,The sender requested a response from her.,cause,2,1,Binasa ng babae ang email.,Sinikap ng nagpadala na mangilak ng salapi mula sa kaniya.,Humiling ang nagpadala ng sagot mula sa kaniya.
96,The woman took her family on vacation.,Her husband got laid off.,She received a salary bonus.,cause,2,0,Isinasama ng babae ang kaniyang pamilya sa bakasyon.,Ang kaniyang asawa ay natanggal sa trabaho.,Tumanggap siya ng bonus sa suweldo.
1267,The letters were blown from my mailbox.,The lid on the mailbox broke.,I went on vacation for two weeks.,cause,1,1,Ang mga sulat ay pinasabog sa aking buson.,Nabali ang takip ng buson.,Nagbakasyon ako sa loob ng dalawang linggo.
5,The guests of the party hid behind the couch.,It was a birthday party.,It was a surprise party.,cause,2,0,Ang mga panauhin ng partido ay nagtago sa likod ng sopa.,Iyon ay isang birthday party.,Iyon ay isang sorpresang parti.
323,The scientist gained recognition.,She discovered a new species.,She received tenure at the university.,cause,1,0,Kinilala ang siyentipiko.,Natuklasan niya ang isang bagong uri.,Nakatanggap siya ng tenure sa unibersidad.
40,The woman hired a lawyer.,She decided to run for office.,She decided to sue her employer.,cause,2,0,Umupa ang babae ng isang abogado.,Nagpasiya siyang tumakbo para manungkulan.,Ipinasiya niyang idemanda ang kaniyang amo.
26,The skydiver glided safely to the ground.,She opened her parachute.,She jumped out of the plane.,cause,1,0,Ang skydiver ay ligtas na sumasalimbay sa lupa.,Binuksan niya ang kaniyang parasyut.,Tumalon siya sa eroplano.
420,The woman ran her finger under cold water.,She burned her finger on the toaster.,She put a diamond ring on her finger.,cause,1,0,Tinatakbo ng babae ang kaniyang daliri sa ilalim ng malamig na tubig.,Sinunog niya ang kaniyang daliri sa toaster.,Naglagay siya ng singsing na brilyante sa kaniyang daliri.
1387,I called several realtors.,I was hunting for a new apartment.,I was moving out of my apartment.,cause,1,1,Tinawag ko ang ilang tunay na mga artista.,Naghahanap ako ng bagong apartment.,Ako'y umaalis ng aking apartment.
1090,The boy communicated with his grandfather by writing.,His grandfather was deaf.,His grandfather was blind.,cause,1,1,Ang bata ay nakipagtalastasan sa kaniyang lolo sa pamamagitan ng pagsulat.,Ang kaniyang lolo ay bingi.,Bulag ang kanyang lolo.
1278,The woman invited her sister for coffee.,The woman looked like her sister.,The woman was close with her sister.,cause,2,1,Inanyayahan ng babae ang kaniyang kapatid na babae para magkape.,Parang kapatid niya ang babae.,Ang babae ay malapit sa kaniyang kapatid na babae.
1240,The photo album collection was treasured.,The family reminisced over the photos.,They remained untouched for years.,cause,1,1,Ang koleksiyon ng mga larawan ng album ay lubhang pinahahalagahan.,Nagunita ng pamilya ang mga larawan.,Ang mga ito'y hindi pa rin nangyari sa loob ng maraming taon.
334,The woman suffered amnesia.,She had an allergic reaction.,She got into a car accident.,cause,2,0,Ang babae ay dumanas ng amnesia.,Nagkaroon siya ng alerdyi.,Naaksidente siya sa kotse.
1126,The girl threw her clothes away.,The clothes were tattered.,She outgrew the clothes.,cause,1,1,Itinapon ng batang babae ang kaniyang mga damit.,Ang mga damit ay sira - sira.,Siya ang nag - aalis ng mga damit.
1241,I got hooked to my conversation with the woman.,The woman was telling a funny story.,Everyone in the room was talking.,cause,1,1,Nagumon ako sa aking pakikipag - usap sa babae.,Naglalahad ang babae ng isang nakakatawang kuwento.,Lahat ng nasa silid ay nag - uusap.
67,I learned how to play the board game.,My friend got the rules wrong.,My friend explained the rules to me.,cause,2,0,Natuto akong maglaro ng board game.,Mali ang ginawa ng kaibigan ko.,Ipinaliwanag sa akin ng kaibigan ko ang mga tuntunin.
356,The employee missed work.,Her family got in touch with her.,There was a death in her family.,cause,2,0,Ang empleado ay naubusan ng trabaho.,Nakipag - ugnayan sa kaniya ang kaniyang pamilya.,Namatay ang kaniyang pamilya.
1466,The man noticed that the woman likes jewelry.,The woman got her hair cut.,The woman wore a bracelet.,cause,2,1,Napansin ng lalaki na ang babae ay mahilig sa alahas.,Nagupit ang buhok ng babae.,Ang babae ay nagsuot ng pulseras.
302,The woman felt reluctant to switch careers.,She made a lot of money in her current occupation.,She endured a lot of stress in her current occupation.,cause,1,0,Nag - atubili ang babae na magpalit ng karera.,Malaki ang kinikita niya sa kaniyang kasalukuyang hanapbuhay.,Nagbata siya ng maraming kaigtingan sa kaniyang kasalukuyang trabaho.
256,Cars moved to the shoulder of the road.,A screaming ambulance approached.,The traffic light turned green.,cause,1,0,Lumipat ang mga kotse sa balikat ng daan.,Lumapit ang isang sumisigaw na ambulansiya.,Ang ilaw trapiko ay naging berde.
212,The police eliminated the woman from the list of suspects.,The police interrogated her.,Her alibi checked out.,cause,2,0,Inalis ng pulisya ang babae mula sa talaan ng mga pinaghihinalaan.,Tinanong siya ng mga pulis.,Sinuri ito ng kaniyang alibi.
180,The mother suspected that her son was lying.,He refused to talk to her.,He avoided making eye contact with her.,cause,2,0,Nagsuspetsa ang ina na nagsisinungaling ang kaniyang anak.,Tumanggi siyang makipag - usap sa kaniya.,Iniiwasan niya ang pagtingin sa kaniya.
106,The pharmaceutical company recalled the drug.,Users got refills on their prescriptions.,Users reported dangerous side effects.,cause,2,0,Nagunita ng kompanya ng gamot ang droga.,Ang mga gumagamit ay muling nagreseta ng kanilang mga reseta.,Iniulat ng mga gumagamit nito ang mapanganib na masasamang epekto.
1323,The scientist continued with her ongoing research.,She received tenure at the university.,She discovered a new species.,cause,1,1,Nagpatuloy ang siyentipiko sa kaniyang patuloy na pananaliksik.,Nakatanggap siya ng tenure sa unibersidad.,Natuklasan niya ang isang bagong uri.
24,The host cancelled the party.,She worried she would catch the flu.,She was certain she had the flu.,cause,2,0,Kinansela ng punong-abala ang partido.,Siya'y nag - aalala na baka siya'y magkaroon ng trangkaso.,Natitiyak niya na siya ay may trangkaso.
1305,The woman stayed late in the bar.,She was familiar with the bartender.,She was the designated driver for the night.,cause,1,1,Ang babae ay nanatili nang gabing - gabi na sa bar.,Pamilyar siya sa barnder.,Siya ang itinalagang tsuper para sa gabing iyon.
1256,Cars moved to the intersection of the road.,The traffic light turned green.,A screaming ambulance approached.,cause,1,1,Lumipat ang mga kotse sa interseksiyon ng daan.,Ang ilaw trapiko ay naging berde.,Lumapit ang isang sumisigaw na ambulansiya.
1024,The woman got vaccinated.,She was certain she had the flu.,She worried she would catch the flu.,cause,2,1,Ang babae ay nabakunahan.,Natitiyak niya na siya ay may trangkaso.,Siya'y nag - aalala na baka siya'y magkaroon ng trangkaso.
1356,The woman reconnected with distant relatives.,Her family got in touch with her.,There was a death in her family.,cause,1,1,Muling nakipagkaibigan ang babae sa malalayong kamag - anak.,Nakipag - ugnayan sa kaniya ang kaniyang pamilya.,Namatay ang kaniyang pamilya.
150,The hospital sent the patient home.,The patient's symptoms cleared up.,The patient's family visited him.,cause,1,0,Pinauwi ng ospital ang pasyente.,Naibsan ang mga sintomas ng pasyente.,Dinalaw siya ng pamilya ng pasyente.
1123,The inside of the train became destroyed.,The train ran off the tracks.,The train travelled through a tunnel.,cause,1,1,Nawasak ang loob ng tren.,Ang tren ay bumaba sa riles.,Ang tren ay naglakbay sa isang tunel.
1197,My flight got rescheduled.,Tornadoes were sighted in the area.,I was held up at airport security.,cause,2,1,Muling nawasak ang aking paglipad.,Nakakita ng mga buhawi sa lugar na iyon.,Ako'y ikinulong sa seguridad ng paliparan.
1302,The woman quit her job recently.,She made a lot of money in her current occupation.,She endured a lot of stress in her current occupation.,cause,2,1,Ang babae ay nagbitiw kamakailan sa kaniyang trabaho.,Malaki ang kinikita niya sa kaniyang kasalukuyang hanapbuhay.,Nagbata siya ng maraming kaigtingan sa kaniyang kasalukuyang trabaho.
117,I avoided giving a straight answer to the question.,The question made me uncomfortable.,I wanted to be honest.,cause,1,0,Iniiwasan kong magbigay ng tuwirang sagot sa tanong na ito.,Hindi ako komportable sa tanong na ito.,Gusto kong maging tapat.
158,The woman covered her ears.,The woman smelled smoke.,The fire alarm blared.,cause,2,0,Tinakpan ng babae ang kaniyang mga tainga.,Naamoy ng babae ang usok.,Sumindi ang alarma sa sunog.
1019,I recognized the caller.,The caller identified himself to me.,The caller said goodbye to me.,cause,1,1,Nakilala ko ang tumawag.,Ipinakilala sa akin ng tumawag ang kaniyang sarili.,Ang tumawag ay nagpaalam sa akin.
182,A crater formed on the moon.,A comet passed by the moon.,A comet collided with the moon.,cause,2,0,Isang bunganga ng bulkan ang nabuo sa buwan.,Isang kometa ang dumaan sa buwan.,Isang kometa ang bumangga sa buwan.
10,The customer filed a complaint with the store manager.,The sales associate acted rude to the customer.,The sales associate undercharged the customer.,cause,1,0,Nagsampa ng reklamo ang parokyano sa manedyer ng tindahan.,Ang ahenteng kasama niya ay kumilos nang walang galang sa parokyano.,Ang mga benta na nag - uugnay sa mamimili ay nagpataw sa parokyano.
1301,The woman never used her credit card.,She received her monthly bill.,She preferred paying by cash.,cause,2,1,Hindi kailanman ginamit ng babae ang kaniyang credit card.,Tinanggap niya ang kaniyang buwanang kuwenta.,Mas gusto niyang magbayad sa pamamagitan ng pera.
1108,I replaced the floor with brand new tile.,I spilled juice on the floor.,The floor was permanently stained.,cause,2,1,Pinalitan ko ang sahig ng bagong baldosa.,Ako'y nagbubo ng katas sa sahig.,Ang sahig ay permanenteng nabahiran.
1158,The woman covered her nose.,The fire alarm blared.,The woman smelled smoke.,cause,2,1,Tinakpan ng babae ang kaniyang ilong.,Sumindi ang alarma sa sunog.,Naamoy ng babae ang usok.
371,The city re-elected the mayor.,The mayor fulfilled his promises.,The city cut its budget.,cause,1,0,Muling-elektado ng lungsod ang alkalde.,Tinupad ng alkalde ang kaniyang mga pangako.,Binawas ng lungsod ang badyet nito.
108,I dabbed the floor with a paper towel.,The floor was permanently stained.,I spilled juice on the floor.,cause,2,0,Hinapak ko ang sahig sa pamamagitan ng tuwalyang papel.,Ang sahig ay permanenteng nabahiran.,Ako'y nagbubo ng katas sa sahig.
1026,The skydiver started to fall down.,She opened her parachute.,She jumped out of the plane.,cause,2,1,Ang skydiver ay nagsimulang bumagsak.,Binuksan niya ang kaniyang parasyut.,Tumalon siya sa eroplano.
65,The family took their dog to the veterinarian.,The dog injured his paw.,The dog chewed on a bone.,cause,1,0,Dinala ng pamilya ang kanilang aso sa beterenaryo.,Sinaktan ng aso ang kaniyang paa.,Ngumuya ang aso sa isang buto.
369,The glasses on the table spilled.,The child yanked the tablecloth.,The child drew on the table.,cause,1,0,Ang mga baso sa mesa ay natapon.,Hinango ng bata ang mantel.,Hinalaw ng bata ang mesa.
1106,The pharmaceutical company promoted the drug.,Users got refills on their prescriptions.,Users reported dangerous side effects.,cause,1,1,Itinaguyod ng kompanya ng gamot ang droga.,Ang mga gumagamit ay muling nagreseta ng kanilang mga reseta.,Iniulat ng mga gumagamit nito ang mapanganib na masasamang epekto.
407,I decided to stay home for the night.,My friends urged me to go out.,The forecast called for storms.,cause,2,0,Nagpasiya akong manatili sa bahay nang gabing iyon.,Hinimok ako ng aking mga kaibigan na lumabas.,Ang paghula ay nangangailangan ng mga bagyo.
1376,The girl got yet another dog.,She was bitten by a dog.,She rescued an abandoned dog.,cause,2,1,Ang batang babae ay kumuha pa ng isa pang aso.,Nakagat siya ng isang aso.,Iniligtas niya ang isang pinabayaang aso.
200,The woman felt an electric shock.,She pounded on the door.,She grabbed the doorknob.,cause,2,0,Nakaramdam ang babae ng electric shock.,Hinampas niya ang pinto.,Sinunggaban niya ang pintoknob.
1443,The teacher praised the pair of students.,The students both received excellent grades.,Their responses on the assignment were identical.,cause,1,1,Pinuri ng guro ang mag-asawang mag-aaral.,Ang mga estudyante ay kapuwa tumanggap ng ekselenteng mga marka.,Ang kanilang mga tugon sa atas ay magkatulad.
143,The security guard tackled the man.,The man reached into his pocket.,The man displayed a weapon.,cause,2,0,Ang taong iyon ay hinarap ng guwardiya.,Inabot ng lalaki ang kaniyang bulsa.,Itinanghal ng lalaki ang isang sandata.
418,The kidnappers released the hostage.,They escaped from jail.,They accepted ransom money.,cause,2,0,Pinalaya ng mga kidnaper ang bihag na panagot.,Sila'y nakatakas sa bilangguan.,Sila'y tumanggap ng salaping pantubos.
241,I got distracted from my conversation with the woman.,Everyone in the room was talking.,The woman was telling a funny story.,cause,1,0,Naabala ako sa aking pakikipag - usap sa babae.,Lahat ng nasa silid ay nag - uusap.,Naglalahad ang babae ng isang nakakatawang kuwento.
443,The pair of students came under scrutiny by the teacher.,The students both received excellent grades.,Their responses on the assignment were identical.,cause,2,0,Ang pares ng mga estudyante ay sinuring mabuti ng guro.,Ang mga estudyante ay kapuwa tumanggap ng ekselenteng mga marka.,Ang kanilang mga tugon sa atas ay magkatulad.
412,The community learned of the man's death.,His obituary appeared in the newspaper.,His family buried him in the cemetery.,cause,1,0,Nalaman ng pamayanan ang pagkamatay ng taong iyon.,Ang kanyang obituwaryo ay lumitaw sa pahayagan.,Inilibing siya ng kanyang pamilya sa sementeryo.
376,The girl had a phobia of dogs.,She was bitten by a dog.,She rescued an abandoned dog.,cause,1,0,Ang batang babae ay may phobia sa mga aso.,Nakagat siya ng isang aso.,Iniligtas niya ang isang pinabayaang aso.
240,The photo albums collected dust in the attic.,The family reminisced over the photos.,They remained untouched for years.,cause,2,0,Ang mga album ng larawan ay nagtipon ng alikabok sa atik.,Nagunita ng pamilya ang mga larawan.,Ang mga ito'y hindi pa rin nangyari sa loob ng maraming taon.
340,The fussy baby calmed down.,The parents shook a rattle in front of the baby.,The parents picked out a name for the baby.,cause,1,0,Ang maselan na sanggol ay huminahon.,Niyanig ng mga magulang ang harapan ng sanggol.,Pinili ng mga magulang ang pangalan ng sanggol.
1257,The boy lost sniffed the bar of soap.,The bar emitted a fragrance.,The bar was slippery.,cause,1,1,Ang bata ay nawalan ng amoy sa bareta ng sabon.,Ang bar ay naglalabas ng samyo.,Ang barangay ay madulas.
411,The bowling ball knocked over the bowling pins.,The man rolled the bowling ball down the alley.,The man dropped the bowling ball on his foot.,cause,1,0,Ang bola ng bowling ay bumagsak sa bowling pins.,Pinagulong ng lalaki ang bola sa bowling sa iskinita.,Ibinaba ng lalaki ang bola sa kaniyang paa.
202,I jumped instinctively in fright.,I heard people chuckling in the adjacent room.,I sensed someone approaching me from behind.,cause,2,0,Ako'y likas na lumukso sa takot.,Narinig ko ang mga tao na naglalaro sa katabing silid.,Naramdaman ko ang isang lumalapit sa akin mula sa likuran.
1065,The dog broke his teeth.,The dog injured his paw.,The dog chewed on a bone.,cause,2,1,Nabali ang ngipin ng aso.,Sinaktan ng aso ang kaniyang paa.,Ngumuya ang aso sa isang buto.
360,The teenager grew taller than his father.,He went through a growth spurt.,He joined the basketball team.,cause,1,0,Lumaking mas mataas ang tin - edyer kaysa sa kaniyang ama.,Bigla siyang lumaki.,Sumali siya sa koponan ng basketbol.
1315,The doctor put an ice pack on the leg.,It was badly bruised.,It was severely infected.,cause,1,1,Inilagay ng doktor ang isang balutan ng yelo sa paa.,Ito'y malubhang nasugatan.,Ito'y malubhang nahawahan.
1259,The celebrity took off her sunglasses.,She wanted to avoid recognition.,She wanted to thank her fans.,cause,2,1,Inalis ng sikat na tao ang kaniyang sunglass.,Ayaw niyang makilala.,Nais niyang pasalamatan ang kanyang mga tagahanga.
1182,A crater did not form on the moon.,A comet collided with the moon.,A comet passed by the moon.,cause,2,1,Hindi nagkaroon ng bunganga ng bulkan sa buwan.,Isang kometa ang bumangga sa buwan.,Isang kometa ang dumaan sa buwan.
1340,The parents received a birth certificate.,The parents picked out a name for the baby.,The parents shook a rattle in front of the baby.,cause,1,1,Nakatanggap ang mga magulang ng sertipiko ng kapanganakan.,Pinili ng mga magulang ang pangalan ng sanggol.,Niyanig ng mga magulang ang harapan ng sanggol.
193,The student flaunted his test grade to his classmates.,He feigned interest in the class.,He received a perfect score.,cause,2,0,Ipinagmalaki ng estudyante ang kaniyang marka sa pagsusulit sa kaniyang mga kaklase.,Nagkunwari siyang interesado sa klase.,Nakatanggap siya ng perpektong iskor.
1460,The man won the competition.,The competition was sabotaged.,He intimidated his competitors.,cause,2,1,Napanalunan ng lalaki ang kompetisyon.,Ang kompetisyon ay nasabotahe.,Pinangambahan niya ang kaniyang mga kakompetensiya.
480,The man's pocket jingled as he walked.,He sewed the hole in his pocket.,His pocket was filled with coins.,cause,2,0,Ang bulsa ng lalaki ay kumakalansi habang siya'y naglalakad.,Itinahi niya ang butas sa kaniyang bulsa.,Ang kaniyang bulsa ay punô ng mga barya.
1454,The boy had someone to play with.,His brother took his toys from him.,He shared his toys with his brother.,cause,2,1,May mapaglaruan ang bata.,Kinuha ng kanyang kapatid ang kanyang mga laruan sa kanya.,Ibinahagi niya ang kaniyang mga laruan sa kaniyang kapatid na lalaki.
298,The screen on the laptop went black.,The laptop's warranty expired.,The laptop's battery died.,cause,2,0,Maitim ang iskrin ng laptop.,Ang warranty ng laptop ay natapos na.,Namatay ang batirya ng laptop.
1414,The woman acquired an additional qualification for her job.,She believed her superiors were acting unethically.,She aspired to hold an executive position in the firm.,cause,2,1,Ang babae ay nakakuha ng karagdagang kuwalipikasyon para sa kaniyang trabaho.,Naniniwala siya na ang mga nakatataas sa kaniya ay gumagawi nang walang etika.,Siya'y naghangad na humawak ng isang posisyong ehekutibo sa kompanya.
257,The boy lost hold of the bar of soap.,The bar was slippery.,The bar emitted a fragrance.,cause,1,0,Nawalan ng hawak ang batang lalaki sa bareta ng sabon.,Ang barangay ay madulas.,Ang bar ay naglalabas ng samyo.
1330,The security guard could not identify the thief.,The surveillance camera was out of focus.,He noticed some suspicious activity.,cause,1,1,Hindi makilala ng guwardiya ang magnanakaw.,Ang kamerang pangmanman ay hindi nakatutok.,Napansin niya ang ilang kahina - hinalang gawain.
3,The women met for coffee.,The cafe reopened in a new location.,They wanted to catch up with each other.,cause,2,0,Nagkita-kita ang mga babae para magkape.,Muling binuksan ang cafe sa isang bagong lokasyon.,Nais nilang mag-alsa sa isa't isa.
187,The boy filled the bucket with sand.,He was building a sand castle.,He was collecting seashells in the sand.,cause,1,0,Ang timba ay pinunô ng bata ng buhangin.,Siya ay nagtatayo ng isang kastilyong buhangin.,Nagtitipon siya ng mga kabibi sa buhangin.
1273,The man never noticed the woman.,He had his back turned to her.,He caught a whiff of her perfume.,cause,1,1,Hindi kailanman napansin ng lalaki ang babae.,Siya'y tumalikod sa kaniya.,Nakakuha siya ng kaunting pabango.
330,The security guard replayed the surveillance footage.,The surveillance camera was out of focus.,He noticed some suspicious activity.,cause,2,0,Muling ginampanan ng security guard ang surveillance footage.,Ang kamerang pangmanman ay hindi nakatutok.,Napansin niya ang ilang kahina - hinalang gawain.
1194,The boy felt exhausted.,He bickered with his sister.,He went away to camp.,cause,1,1,Pagod na pagod ang bata.,Nagalit siya sa kaniyang kapatid na babae.,Siya'y nagtungo sa kampo.
1451,I no longer broke out into a rash.,I eradicated the poison ivy from my yard.,I brushed against poison ivy in my yard.,cause,1,1,Hindi na ako naging padalus - dalos.,Inalis ko ang lason sa aking bakuran.,Ayaw ko ng poison ivy sa aking bakuran.
1427,I could not enjoy the movie's beautiful soundtrack.,A tall person was sitting in front of me.,The couple behind me was whispering.,cause,2,1,Hindi ako nasiyahan sa magandang soundtrack ng pelikula.,Isang matangkad na tao ang nakaupo sa harap ko.,Ang mag - asawa sa likuran ko ay nagbubulung - bulungan.
201,The man had lipstick on his cheek.,The woman made him blush.,The woman kissed him.,cause,2,0,Ang lalaki ay may lipstick sa kaniyang pisngi.,Pinamula siya ng babae.,Hinalikan siya ng babae.
118,The student received detention.,He talked back to the teacher.,The teacher graded his homework.,cause,1,0,Nabilanggo ang estudyante.,Siya'y nakipag - usap sa guro.,Minaliit ng guro ang kaniyang araling - bahay.
1036,The man got up earlier.,He wanted to shut off the alarm clock.,He wanted to iron his pants before work.,cause,2,1,Ang lalaki ay bumangon nang mas maaga.,Gusto niyang isara ang alarm clock.,Gusto niyang ipaplantsa ang kanyang pantalon bago magtrabaho.
1128,The parents left their children with a teacher.,They made plans to celebrate their anniversary.,Their youngest child started attending preschool.,cause,2,1,Iniwan ng mga magulang ang kanilang mga anak sa isang guro.,Gumawa sila ng mga plano upang ipagdiwang ang kanilang anibersaryo.,Ang kanilang bunsong anak ay nagsimulang mag - aral sa preschool.
1415,The player could not see the ball.,Her opponent tried to intercept it.,Her teammate threw it to her.,cause,1,1,Hindi makita ng manlalaro ang bola.,Sinikap ng kaniyang kalaban na harangin ito.,Ito ay itinapon sa kanya ng kanyang teammate.
176,The father shut off the children's television.,It was bedtime for the children.,The children were watching cartoons.,cause,1,0,Ipinasara ng ama ang telebisyon ng mga bata.,Gabi na para sa mga bata.,Ang mga bata ay nanonood ng mga cartoon.
1288,I enjoyed my chewing gum.,The gum lost its flavor.,I blew a bubble with the gum.,cause,2,1,Gustung - gusto ko ang aking chewing gum.,Naiwala ng gilagid ang lasa nito.,Binuga ko ang isang bula sa pamamagitan ng gilagid.
301,The woman wrote a check to the gas company.,She received her monthly bill.,She preferred paying by cash.,cause,1,0,Ang babae ay sumulat ng isang tseke sa kompaniya ng gas.,Tinanggap niya ang kaniyang buwanang kuwenta.,Mas gusto niyang magbayad sa pamamagitan ng pera.
1207,The tenants lease for the apartment was extended.,They got along with their landlord.,They neglected to pay their rent.,cause,1,1,Pinalawig pa ang pagpapaupa sa apartment ng mga nangungupahan.,Nakasundo nila ang kanilang kasera.,Hindi nila nabayaran ang kanilang upa.
1350,New countries were discovered.,Oil spilled into the ocean.,Boats sailed through the ocean.,cause,2,1,Bagong mga bansa ang natuklasan.,Ang langis ay natapon sa karagatan.,Ang mga bangka ay naglalayag sa karagatan.
1388,The boy broke his arm.,The boy looked up to his older brother.,The boy wrestled with his older brother.,cause,2,1,Nabali ang braso ng bata.,Tiningnan ng bata ang kaniyang kuya.,Nakipagbuno ang bata sa kaniyang kuya.
460,The man lost the competition.,The competition was sabotaged.,He intimidated his competitors.,cause,1,0,Natalo ang lalaki sa kompetisyon.,Ang kompetisyon ay nasabotahe.,Pinangambahan niya ang kaniyang mga kakompetensiya.
1105,I passed the job interview.,I anticipated the interviewer's questions.,The interviewer asked difficult questions.,cause,1,1,Naipasa ko ang panayam sa trabaho.,Inasahan ko ang mga tanong ng tagapanayam.,Ang tagapanayam ay nagbangon ng mahihirap na tanong.
364,The computer crashed.,I downloaded a virus.,I backed up my files.,cause,1,0,Ang computer ay bumagsak.,Nag - download ako ng virus.,Sinuhayan ko ang aking mga files.
1129,The trip was a fun time.,The driver talked the whole way.,The driver made a wrong turn.,cause,1,1,Ang biyahe ay isang masayang panahon.,Ang tsuper ay nagsalita sa buong paraan.,Ang tsuper ay gumawa ng maling pagliko.
387,I packed up my belongings.,I was hunting for a new apartment.,I was moving out of my apartment.,cause,2,0,Inimpake ko ang aking mga gamit.,Naghahanap ako ng bagong apartment.,Ako'y umaalis ng aking apartment.
1262,The man withheld personal information from the therapist.,He trusted the therapist.,He disagreed with the therapist.,cause,2,1,Ipinagkait ng lalaki ang personal na impormasyon sa therapist.,Nagtiwala siya sa therapist.,Hindi siya sang - ayon sa terapis.
11,The woman repaired her faucet.,The faucet was leaky.,The faucet was turned off.,cause,1,0,Inayos ng babae ang kaniyang gripo.,Ang gripo ay tumatagas.,Ang gripo ay pinatay.
1050,The children bumped their heads on the ceiling.,They jumped on the bed.,They had a pillow fight.,cause,1,1,Nabangga ng mga bata ang kanilang mga ulo sa kisame.,Sila'y tumalon sa kama.,Nag-away sila sa unan.
36,The man urgently leaped out of bed.,He wanted to iron his pants before work.,He wanted to shut off the alarm clock.,cause,2,0,Agad na lumukso sa kama ang lalaki.,Gusto niyang ipaplantsa ang kanyang pantalon bago magtrabaho.,Gusto niyang isara ang alarm clock.
282,The host of the trivia show called on the contestant for an answer.,The contestant rang the buzzer.,The contestant was in the lead.,cause,1,0,Ang host ng palabas na trivia ay nanawagan sa kalahok para sa isang sagot.,Ang kalahok ang nagpatunog sa buzzer.,Ang kalahok ay nangunguna.
237,The man broke his toe.,He got a hole in his sock.,He dropped a hammer on his foot.,cause,2,0,Binuwag ng lalaki ang kaniyang daliri sa paa.,Nabutasan niya ang kaniyang puwitan.,Naghulog siya ng martilyo sa kaniyang paa.
352,The customer came into the boutique.,The window display caught her eye.,She left her wallet at home.,cause,1,0,Ang parokyano ay pumasok sa boutique.,Ang displey sa bintana ay nakatawag ng kaniyang pansin.,Iniwan niya ang kaniyang pitaka sa bahay.
1206,The company sold more products.,Its products received positive consumer reviews.,Some of its products were manufactured defectively.,cause,1,1,Ang kompanya ay nakapagbenta ng mas maraming produkto.,Ang mga produkto nito ay nakatanggap ng positibong mga review ng mamimili.,Ang ilan sa mga produkto nito ay may depektong ginawa.
316,The girl stared at herself in the mirror.,She felt self-conscious.,The mirror was smudged.,cause,1,0,Ang batang babae ay tumitig sa kaniyang sarili sa salamin.,Siya ay nakaramdam ng sarili-malay.,Nakulong ang salamin.
85,The service at the restaurant was slow.,The restaurant was crowded.,There were many empty tables.,cause,1,0,Mabagal ang serbisyo sa restawran.,Punung - puno ang restawran.,Maraming bakanteng mesa.
1155,The woman aimed for a diploma.,She enrolled in college.,She graduated from college.,cause,1,1,Ang babae ay naglalayo ng diploma.,Nagpatala siya sa kolehiyo.,Nagtapos siya ng kolehiyo.
378,The patient went into a coma.,He suffered brain damage.,He suffered emotional trauma.,cause,1,0,Nakoma ang pasyente.,Nagkaroon siya ng pinsala sa utak.,Dumanas siya ng trauma sa emosyon.
1298,The manufacturer wouldn't fix the screen on the laptop after it went black.,The laptop's warranty expired.,The laptop's battery died.,cause,1,1,Hindi ino - set ng gumawa ang iskrin sa laptop pagkatapos na ito'y maging itim.,Ang warranty ng laptop ay natapos na.,Namatay ang batirya ng laptop.
396,The skier slipped on the slope.,She dropped her ski poles.,She hit a patch of ice.,cause,2,0,Ang nag - iiski ay nadulas sa dalisdis.,Siya'y naghulog ng mga pole ng kaniyang iski.,Nagkaroon siya ng isang piraso ng yelo.
1069,The shop was very popular.,The shop was undergoing renovation.,The owner was helping customers.,cause,2,1,Napakapopular ng tindahan.,Ang tindahan ay nire - repair.,Ang may - ari ay tumutulong sa mga parokyano.
1145,The army won the battle.,They were outnumbered.,They stormed the city.,cause,2,1,Nagwagi ang hukbo sa labanan.,Nahigitan pa ang mga ito.,Nilusob nila ang lunsod.
172,The teacher caught the student chewing gum.,The student spit out the gum.,The gum stuck to the student's shoe.,effect,1,0,Nahuli ng guro ang estudyante na ngumunguya ng chewing gum.,Itinapon ng estudyante ang gilagid.,Ang gilagid ay kumapit sa sapatos ng estudyante.
1494,The woman became senile.,Photographers followed her.,Her family avoided her.,effect,2,1,Ang babae ay naging senile.,Sinundan siya ng mga litratista.,Iniwasan siya ng kaniyang pamilya.
1261,The police officer pulled the celebrity by the wrist.,The celebrity offered the officer a bribe.,The celebrity sued the police officer.,effect,2,1,Hinila ng opisyal ng pulisya ang kilalang tao sa galanggalangan.,Inalok ng celebrity ang opisyal ng suhol.,Ang sikat na mga tao ay nagdemanda sa opisyal ng pulisya.
115,The speaker disarmed her debate opponent.,The speaker congratulated her opponent.,The speaker won the debate.,effect,2,0,Pinawalang - bisa ng tagapagsalita ang kaniyang katunggali sa debate.,Binabati ng tagapagsalita ang kaniyang kalaban.,Napanalunan ng tagapagsalita ang debate.
1296,A group of teenagers helped organizing the party.,The host of the party kicked them out.,The host of the party invited them in.,effect,2,1,Isang grupo ng mga tin - edyer ang tumulong sa pag - oorganisa ng partido.,Itinapon sila ng host ng partido.,Pinapasok sila ng punong - abala.
1286,My daughter suffered an panic attack.,I encouraged her to take deep breaths.,I took her to the emergency room.,effect,1,1,Ang aking anak na babae ay dumanas ng isang panic attack.,Hinimok ko siyang huminga nang malalim.,Dinala ko siya sa emergency room.
1063,The boaters caught a nice current.,Their boat drifted to shore.,Their boat was rescued.,effect,1,1,Ang mga namamangka ay nakahuli ng magandang agos.,Ang kanilang bangka ay tinangay ng agos patungo sa pampang.,Nasagip ang kanilang bangka.
389,The girl desired her parent's approval.,She ran away from home.,She obeyed her parent's rules.,effect,2,0,Nais ng batang babae ang pagsang - ayon ng kaniyang magulang.,Siya'y lumayas sa tahanan.,Sinunod niya ang mga tuntunin ng kaniyang magulang.
1293,The documents were loose.,I paper clipped them together.,I kept them in a secure place.,effect,1,1,Ang mga dokumento ay maluwag.,Pinagsama - sama ko ang mga ito sa papel.,Pinanatili ko sila sa isang ligtas na dako.
41,The tenant misplaced his keys to his apartment.,His landlord unlocked the door.,His landlord repaired the door.,effect,1,0,Mali ang pagkaunawa ng tenant sa kaniyang apartment.,Binuksan ng may - ari ng lupa ang pinto.,Inayos ng may - ari ng kaniyang bahay ang pinto.
188,The woman upgraded her computer hardware.,She deleted old files on the computer.,She installed new software on the computer.,effect,2,0,Inupgrade ng babae ang kaniyang computer hardware.,Inalis niya ang lumang mga file sa computer.,Naglagay siya ng bagong software sa computer.
1328,My friend had to go for a health checkup.,I brought her a card and flowers.,I dropped her off at the hospital.,effect,2,1,Kailangang magpatingin sa doktor ang aking kaibigan.,Nagdala ako sa kaniya ng isang kard at mga bulaklak.,Pinaalis ko siya sa ospital.
1486,The woman went to the polling station.,She casted a vote in the election.,She discovered the outcome of the election.,effect,1,1,Ang babae ay nagtungo sa polling station.,Siya ay bumoto sa halalan.,Natuklasan niya ang kinalabasan ng halalan.
1103,The child punched the stack of blocks.,The stack towered over the boy's head.,The blocks scattered all over the rug.,effect,1,1,Sinuntok ng bata ang salansan ng mga bloke.,Ang salansan ay nasa ibabaw ng ulo ng bata.,Ang mga bloke ay nakakalat sa alpombra.
220,The detective flashed his badge to the police officer.,The police officer confiscated the detective's badge.,The police officer let the detective enter the crime scene.,effect,2,0,Binigay ng tiktik ang kaniyang badge sa pulis.,Kinumpiska ng opisyal ng pulisya ang badge ng detektib.,Pinapasok ng opisyal ng pulisya ang tiktik sa eksena ng krimen.
132,The cowgirl threw her lasso towards the horse.,The lasso grabbed onto the horse.,The horse trotted into the barn.,effect,1,0,Inihagis ng cowgirl ang kanyang lasso patungo sa kabayo.,Sinunggaban ng lasso ang kabayo.,Ang kabayo ay tumatakbo sa kamalig.
1281,The shopper won a discount on the cost of the item.,He decided to buy it.,He checked its price tag.,effect,1,1,Ang mamimili ay nakakuha ng diskuwento sa halaga ng bagay na iyon.,Ipinasiya niyang bilhin ito.,Sinuri niya ang presyo nito.
192,The bureau drawers were cluttered.,I locked the drawers shut.,I threw away unnecessary contents.,effect,2,0,Nakalat ang mga kahon ng kawanihan.,Isinara ko ang mga kahon.,Itinapon ko ang di - kinakailangang mga nilalaman.
1092,The photographer could not see the child's face.,The photographer quickly changed the child's pose.,The photographer quickly snapped the child's photo.,effect,1,1,Hindi makita ng litratista ang mukha ng bata.,Agad na binago ng litratista ang larawan ng bata.,Agad na binasag ng litratista ang larawan ng bata.
1020,The woman's ring got dirty.,The ring went down the drain.,The woman polished the ring.,effect,2,1,Narumi ang singsing ng babae.,Bumaba ang singsing sa drenahe.,Pinakinis ng babae ang singsing.
1488,The couple had a big fight.,They took some time apart.,They planned a wedding.,effect,1,1,Ang mag - asawa ay nagkaroon ng malaking pag - aaway.,Matagal - tagal din silang nagkahiwa - hiwalay.,Nagplano sila ng kasal.
486,The woman read the newspaper.,She casted a vote in the election.,She discovered the outcome of the election.,effect,2,0,Binasa ng babae ang pahayagan.,Siya ay bumoto sa halalan.,Natuklasan niya ang kinalabasan ng halalan.
1474,There was a big flood last autumn.,Leaves fell from the trees.,People evacuated their homes.,effect,2,1,Nagkaroon ng malaking baha noong nakaraang taglagas.,Nalaglag ang mga dahon mula sa mga puno.,Inilikas ng mga tao ang kanilang mga tahanan.
1173,The host served nothing to his guests.,His guests went hungry.,His guests were gracious.,effect,1,1,Walang inihain ang punong - abala sa kaniyang mga panauhin.,Nagutom ang kaniyang mga panauhin.,Ang kaniyang mga panauhin ay magiliw.
1171,The motorcyclist let go of the throttle.,The motorcycle coasted to a halt.,The motorcycle shot forward.,effect,1,1,Pinakawalan ng motorista ang throttle.,Ang motorsiklo ay huminto.,Ang motorsiklo ay lumipad nang pasulong.
208,The man woke up with a toothache.,He missed an appointment with the dentist.,He made an appointment with the dentist.,effect,2,0,Nagising ang lalaki na may sakit ng ngipin.,Hindi siya nakipag - appointment sa dentista.,Nakipag - appointment siya sa dentista.
1253,The man stepped in the mud.,He got his suit altered.,He got his shoes shined.,effect,2,1,Humampas ang lalaki sa putik.,Binago niya ang kaniyang terno.,Nakuha niya ang kanyang sapatos na makintab.
1172,The teacher threw the chewing gum at the student.,The student spit out the gum.,The gum stuck to the student's shoe.,effect,2,1,Inihagis ng guro ang chewing gum sa estudyante.,Itinapon ng estudyante ang gilagid.,Ang gilagid ay kumapit sa sapatos ng estudyante.
1075,The time was earlier than I thought.,The clock showed the wrong time.,I took extra time to get ready.,effect,2,1,Mas maaga ang panahon kaysa sa inaakala ko.,Ipinakita ng orasan ang maling oras.,Gumugol ako ng ekstrang panahon upang maghanda.
113,I received a package in the mail.,I took the package to the post office.,The package triggered my curiosity.,effect,2,0,Tumanggap ako ng isang pakete sa koreo.,Dinala ko ang pakete sa post office.,Ang pakete ang nag - udyok sa akin na mag - usisa.
141,I held the door for the woman entering behind me.,The woman thanked me.,The door slammed shut.,effect,1,0,Hinawakan ko ang pinto para sa babaing pumapasok sa likuran ko.,Pinasalamatan ako ng babae.,Ang pinto ay isinara.
218,The student's answer on the exam was incorrect.,The teacher subtracted points off the student's grade.,The teacher added bonus points to the student's grade.,effect,1,0,Mali ang sagot ng estudyante sa eksamen.,Ang guro ay nagbawas ng puntos sa grado ng estudyante.,Ang guro ay nagdagdag ng bonus points sa grado ng mag-aaral.
289,The boy painted a picture for his mother.,His mother sold the picture to a gallery.,His mother hung the picture on the wall.,effect,2,0,Ang batang lalaki ay nagpinta ng larawan para sa kaniyang ina.,Ipinagbili ng kaniyang ina ang larawan sa isang galerya.,Isinabit ng kaniyang ina ang larawan sa dingding.
1013,The frozen pond thawed in the spring.,People brought boats to the pond.,People skated on the pond.,effect,1,1,Ang nagyelong lawa ay natutunaw sa tagsibol.,Nagdala ang mga tao ng mga bangka sa lawa.,Ang mga tao ay nag - iskeyting sa lawa.
410,The man drank heavily at the party.,He had a headache the next day.,He had a runny nose the next day.,effect,1,0,Malakas uminom ang lalaki sa parti.,Sumasakit ang ulo niya kinabukasan.,Nagkaroon siya ng mabungos na ilong kinabukasan.
186,The doctor x-rayed the patient's arm.,He put the patient's arm in a cast.,He discovered that the patient's arm was broken.,effect,2,0,Ang doktor na si x-rayed ang braso ng pasyente.,Inilagay niya ang braso ng pasyente sa isang molde.,Natuklasan niya na nabali ang braso ng pasyente.
1403,The woman won the lottery.,She received her pension.,She paid off her mortgage.,effect,2,1,Ang babae ay nanalo sa loterya.,Tumanggap siya ng pensiyon.,Binabayaran niya ang kaniyang sangla.
447,The woman's hair fell in her face.,She lathered shampoo into her hair.,She pulled her hair back with a clip.,effect,2,0,Ang buhok ng babae ay nalaglag sa kaniyang mukha.,Siya'y naglapat ng shampoo sa kaniyang buhok.,Hinila niya ang kaniyang buhok sa pamamagitan ng isang clip.
127,Several witnesses of the crime testified against the suspect.,The suspect was acquitted.,The suspect was convicted.,effect,2,0,Ang ilang mga saksi ng krimen ay nagpatotoo laban sa suspek.,Ang suspek ay napawalang - sala.,Ang suspek ay nahatulan.
1012,The elderly woman made a phone call.,The woman's daughter came over to clean her house.,The woman's daughter moved in to take care of her.,effect,1,1,Ang may edad nang babae ay tumawag sa telepono.,Ang anak na babae ng babae ay lumapit upang linisin ang kaniyang bahay.,Ang anak na babae ng babae ay lumipat upang alagaan siya.
355,The putrid odor filled the room.,I clamped my hand over my nose.,I put the rubber gloves on.,effect,1,0,Napuno ng mabahong amoy ang silid.,Inipit ko ang aking kamay sa aking ilong.,Inilagay ko ang mga guwantes na goma.
313,The woman was summoned for jury duty.,She contacted her lawyer.,She cancelled her appointments.,effect,2,0,Ang babae ay ipinatawag para manungkulan sa hurado.,Nakipag - ugnayan siya sa kaniyang abogado.,Pinawalang - bisa niya ang kaniyang mga pag - aatas.
1289,The mother no longer needed her son's picture.,His mother sold the picture to a gallery.,His mother hung the picture on the wall.,effect,1,1,Hindi na kailangan ng ina ang larawan ng kaniyang anak.,Ipinagbili ng kaniyang ina ang larawan sa isang galerya.,Isinabit ng kaniyang ina ang larawan sa dingding.
284,The woman wanted to be a doctor.,She visited the hospital.,She went to medical school.,effect,2,0,Nais ng babae na maging isang doktor.,Pumunta siya sa ospital.,Nag - aral siya ng medisina.
1439,The bride made a wishlist.,The wedding guests brought gifts.,She called the wedding off.,effect,1,1,Ang nobya ay gumawa ng isang sendlist.,Ang mga panauhin sa kasal ay nagdala ng mga regalo.,Pinaalis niya ang kasal.
1084,I got angry while reading the book.,I ripped out the next page.,I turned to the next page.,effect,1,1,Nagalit ako habang binabasa ko ang aklat.,Kinalas ko ang susunod na pahina.,Buklatin ko ang susunod na pahina.
221,The girl wanted to make her mother happy.,The girl picked a flower for her mother.,The girl ate the cookies her mother baked.,effect,1,0,Nais ng batang babae na paligayahin ang kaniyang ina.,Kumuha ng bulaklak ang batang babae para sa kaniyang ina.,Kinain ng batang babae ang mga biskuwit na hinurno ng kaniyang ina.
55,The man signed the document.,The transaction was voided.,The transaction became official.,effect,2,0,Nilagdaan ng lalaki ang dokumento.,Nawala ang transaksiyon.,Ang transaksiyon ay naging opisyal.
185,The woman felt ashamed of scar on her face.,She hid the scar with makeup.,She explained the scar to strangers.,effect,1,0,Nahiya ang babae sa pilat sa kaniyang mukha.,Itinago niya ang pilat sa pamamagitan ng meykap.,Ipinaliwanag niya ang pilat sa mga estranghero.
254,The clouds looked dark.,I brought my umbrella to work.,I brought my laptop to work.,effect,1,0,Ang ulap ay madilim.,Dinala ko ang aking payong sa trabaho.,Dinala ko sa trabaho ang aking laptop.
1224,The man discovered his enemy uncovered incriminating evidence against him.,The man avoided his enemy.,The man blackmailed his enemy.,effect,1,1,Natuklasan ng taong iyon ang kaniyang kaaway na nakatuklas ng ebidensiya laban sa kaniya.,Iniwasan ng lalaki ang kaniyang kaaway.,Tinakot ng lalaki ang kaniyang kaaway.
1115,The speaker was defeated by her debate opponent.,The speaker won the debate.,The speaker congratulated her opponent.,effect,2,1,Ang tagapagsalita ay natalo ng kanyang kalabang debate.,Napanalunan ng tagapagsalita ang debate.,Binabati ng tagapagsalita ang kaniyang kalaban.
1476,I opened the door of the wagon.,The objects in the wagon fell out.,The wagon wheels spun forward.,effect,1,1,Binuksan ko ang pinto ng bagon.,Ang mga bagay na nasa bagon ay nahulog.,Ang mga gulong ng bagon ay umikot sa unahan.
475,The politician was convicted of fraud.,He campaigned for re-election.,He was removed from office.,effect,2,0,Ang pulitiko ay nahatulan ng pandaraya.,Nangampanya siya para sa re-election.,Siya ay tinanggal sa tungkulin.
133,The group overlooked the woman's faux pas.,The woman apologized.,The woman was relieved.,effect,2,0,Hindi pinansin ng grupo ang faux pas ng babae.,Humingi ng paumanhin ang babae.,Nakahinga nang maluwag ang babae.
260,My grandmother passed away.,My family held a reunion.,My family held a funeral.,effect,2,0,Ang aking lola ay namatay.,Muling nagkita ang aking pamilya.,Nagdaraos ng libing ang aking pamilya.
75,The clock stopped ticking.,I took extra time to get ready.,The clock showed the wrong time.,effect,2,0,Ang orasan ay hindi na kumikibot.,Gumugol ako ng ekstrang panahon upang maghanda.,Ipinakita ng orasan ang maling oras.
425,The man confessed his love for the woman.,The woman envied him.,The woman rejected him.,effect,2,0,Ipinagtapat ng lalaki ang kaniyang pag - ibig sa babae.,Nainggit sa kaniya ang babae.,Itinakwil siya ng babae.
1452,I already received a copy of the new magazine.,I stopped receiving new issues.,I discarded the new issue.,effect,2,1,Nakatanggap na ako ng isang kopya ng bagong magasin.,Hindi na ako tumanggap ng bagong mga isyu.,Inalis ko ang bagong labas.
474,The seasons changed from summer to autumn.,Leaves fell from the trees.,People evacuated their homes.,effect,1,0,Ang mga panahon ay nagbabago mula sa tag - araw tungo sa taglagas.,Nalaglag ang mga dahon mula sa mga puno.,Inilikas ng mga tao ang kanilang mga tahanan.
1239,A gas tank burst in the hall of the school.,The principal called off classes for the day.,The principal suspended the students involved.,effect,1,1,Isang tangke ng gasolina ang sumabog sa bulwagan ng paaralan.,Ang prinsipal ay nagbitiw sa mga klase para sa araw na iyon.,Ibinitin ng prinsipal ang mga estudyanteng nasasangkot.
1238,The man had a dead conscience.,He manipulated his friend.,He admitted his indiscretion.,effect,1,1,Ang lalaki ay may patay na budhi.,Inimpluwensiyahan niya ang kaniyang kaibigan.,Inamin niya ang kaniyang kawalang - ingat.
1153,The parents recognized their daughter's interest in sports.,They encouraged her to become an artist.,They taught her how to ride a bike.,effect,2,1,Nakilala ng mga magulang ang interes ng kanilang anak na babae sa isports.,Pinasigla nila siya na maging artista.,Tinuruan nila siya kung paano magbisikleta.
258,The button on my shirt fell off.,I sewed the button back on.,I glued the button back on.,effect,1,0,Ang buton sa aking kamisadentro ay nahulog.,Itinahi ko ang buton.,Itinuon ko ang buton sa likod.
1113,I received someone's package in the mail.,I took the package to the post office.,The package triggered my curiosity.,effect,1,1,Nakatanggap ako ng pakete mula sa koreo.,Dinala ko ang pakete sa post office.,Ang pakete ang nag - udyok sa akin na mag - usisa.
33,The police aimed their weapons at the fugitive.,The fugitive fell to the ground.,The fugitive dropped his gun.,effect,2,0,Itinuon ng mga pulis ang kanilang mga sandata sa takas.,Ang takas ay nahulog sa lupa.,Binitiwan ng takas ang kaniyang baril.
110,I was confused by the professor's lecture.,I asked the professor questions.,I paid attention to the professor.,effect,1,0,Nalito ako sa lektyur ng propesor.,Nagtanong ako sa propesor.,Binigyang - pansin ko ang propesor.
171,The motorcyclist twisted the throttle.,The motorcycle shot forward.,The motorcycle coasted to a halt.,effect,1,0,Pinilipit ng motorista ang throttle.,Ang motorsiklo ay lumipad nang pasulong.,Ang motorsiklo ay huminto.
1014,The offender was poor.,She was sent back to jail.,She stole money from a church.,effect,2,1,Mahirap ang nagkasala.,Siya'y pinabalik sa bilangguan.,Nagnakaw siya ng pera mula sa isang simbahan.
1318,The woman's brother did not like the gift.,Her brother unwrapped the gift.,Her brother refused to accept the gift.,effect,2,1,Ayaw ng kapatid na lalaki ng babae ang regalo.,Binigay ng kaniyang kapatid na lalaki ang regalo.,Hindi tinanggap ng kaniyang kapatid na lalaki ang regalo.
1220,The detective flashed his fake badge to the police officer.,The police officer confiscated the detective's badge.,The police officer let the detective enter the crime scene.,effect,1,1,Ipinahayag ng tiktik ang kaniyang huwad na badge sa opisyal ng pulisya.,Kinumpiska ng opisyal ng pulisya ang badge ng detektib.,Pinapasok ng opisyal ng pulisya ang tiktik sa eksena ng krimen.
1447,The woman began to wash her hair.,She lathered shampoo into her hair.,She pulled her hair back with a clip.,effect,1,1,Sinimulang hugasan ng babae ang kaniyang buhok.,Siya'y naglapat ng shampoo sa kaniyang buhok.,Hinila niya ang kaniyang buhok sa pamamagitan ng isang clip.
1444,The student enjoyed cooking.,He brought his lunch to school.,He left his assignment at home.,effect,1,1,Mahilig magluto ang estudyante.,Dinala niya ang kaniyang pananghalian sa paaralan.,Iniwan niya ang kaniyang atas sa bahay.
1114,The surfer saw the wave.,She paddled her board into the ocean.,The wave carried her to the shore.,effect,1,1,Nakita ng surfer ang alon.,Hinila niya ang kaniyang tabla sa karagatan.,Dinala siya ng alon sa dalampasigan.
312,The woman had an infection.,She washed her hands.,She took antibiotics.,effect,2,0,Nagkaroon ng impeksiyon ang babae.,Hinugasan niya ang kaniyang mga kamay.,Uminom siya ng mga antibiyotiko.
1498,The airline went bankrupt.,They cancelled my flight.,They offered me compensation.,effect,1,1,Nabangkarote ang eroplano.,Pinawalang - bisa nila ang aking pagtakas.,Inalok nila ako ng kabayaran.
357,The magnet attracted the paperclip.,The paperclip dropped from the magnet.,The paperclip stuck to the magnet.,effect,2,0,Ang batubalani ay umakit sa papel na lip.,Ang paperclip ay bumaba mula sa batubalani.,Ang paperclip ay kumapit sa batubalani.
101,The teacher took roll.,She identified the students that were absent.,She gave her students a pop quiz.,effect,1,0,Ang guro ay kumuha ng roll.,Nakilala niya ang mga estudyanteng wala roon.,Binigyan niya ang kaniyang mga estudyante ng isang pagsusulit sa pop.
358,The gardener pulled the weeds.,The weeds produced seeds.,The weeds came out of the soil.,effect,2,0,Hinila ng hardinero ang mga panirang - damo.,Ang mga panirang - damo ay nagbunga ng mga binhi.,Ang mga panirang - damo ay nanggaling sa lupa.
137,The skunk sprayed the dog.,The dog emitted a foul smell.,The skunk roamed the woods.,effect,1,0,Ang skunk ang nag - isprey sa aso.,Ang aso ay naglalabas ng mabahong amoy.,Ang skunk ay gumagala - gala sa kakahuyan.
1276,The man wanted to get peace with his enemy.,The man declared a truce with his enemy.,The man framed his enemy for a crime.,effect,1,1,Nais ng lalaki na makipagpayapaan sa kaniyang kaaway.,Ipinahayag ng lalaki ang pakikipagpayapaan sa kaniyang kaaway.,Isinaplano ng lalaki ang kaniyang kaaway para sa isang krimen.
1033,The police shot the fugitive.,The fugitive fell to the ground.,The fugitive dropped his gun.,effect,1,1,Binomba ng pulis ang takas.,Ang takas ay nahulog sa lupa.,Binitiwan ng takas ang kaniyang baril.
1039,The seamstress guided the thread through the eye of the needle.,The thread went through the fabric.,The thread wrapped around the needle.,effect,2,1,Ginabayan ng mananahi ang sinulid sa butas ng karayom.,Ang sinulid ay pumasok sa tela.,Ang sinulid na nakabalot sa karayom.
1260,My grandmother passed by.,My family held a reunion.,My family held a funeral.,effect,1,1,Dumaan ang aking lola.,Muling nagkita ang aking pamilya.,Nagdaraos ng libing ang aking pamilya.
1217,The company was seeking highly specialized talent.,It moved its headquarters to a suburban location.,It increased its marketing efforts for new products.,effect,1,1,Ang kompanya ay naghahanap ng lubhang natatanging talino.,Inilipat nito ang punong - tanggapan nito sa isang lugar sa labas ng lunsod.,Pinalago nito ang mga pagsisikap nito sa pagbebenta ng bagong mga produkto.
1351,I touched the ice cube.,The ice cube stuck to my fingers.,The ice cube vanished.,effect,1,1,Hinipo ko ang cube ng yelo.,Ang cube ng yelo ay kumapit sa aking mga daliri.,Ang cube ng yelo ay naglaho.
351,I ran the ice cube under warm water.,The ice cube vanished.,The ice cube stuck to my fingers.,effect,1,0,Pinatakbo ko ang cube ng yelo sa ilalim ng mainit na tubig.,Ang cube ng yelo ay naglaho.,Ang cube ng yelo ay kumapit sa aking mga daliri.
1258,The button on my laptop fell off.,I sewed the button back on.,I glued the button back on.,effect,2,1,Naputol ang buton sa aking laptop.,Itinahi ko ang buton.,Itinuon ko ang buton sa likod.
242,I put coins in the washing machine at the laundromat.,I ran out of laundry detergent.,The machine powered on.,effect,2,0,Inilagay ko ang mga barya sa washing machine sa laundromat.,Naubusan ako ng detergent sa paglalaba.,Ang makina ay umandar.
191,The woman had a religious awakening.,She began going to church.,She began travelling abroad.,effect,1,0,Ang babae ay nagkaroon ng relihiyosong pagkagising.,Nagsimula siyang magsimba.,Nagsimula siyang maglakbay sa ibang bansa.
1221,The girl wanted to make her mother happy for her effort.,The girl picked a flower for her mother.,The girl ate the cookies her mother baked.,effect,2,1,Nais ng batang babae na paligayahin ang kaniyang ina sa kaniyang pagsisikap.,Kumuha ng bulaklak ang batang babae para sa kaniyang ina.,Kinain ng batang babae ang mga biskuwit na hinurno ng kaniyang ina.
383,The man wanted to save money.,He cut back on making frivolous purchases.,He withdrew money from his savings account.,effect,1,0,Nais ng lalaki na mag - ipon ng salapi.,Binabawasan niya ang paggawa ng walang - kabuluhang mga pagbili.,Inalis niya ang pera mula sa kaniyang kuwenta sa pag - iimpok.
1034,The patient said his leg felt numb.,The nurse tested his reflexes.,The nurse gave him an IV.,effect,1,1,Sinabi ng pasyente na namanhid ang kaniyang paa.,Sinubok ng nars ang kaniyang mga reflexes.,Binigyan siya ng nars ng isang IV.
1225,The girl wanted to get on top of the slide.,She glided down the slide.,She crawled up the slide.,effect,2,1,Nais ng batang babae na umakyat sa ibabaw ng slide.,Siya'y nagpadulas pababa sa padulasan.,Gumapang siya sa padulasan.
1127,No witnesses of the crime testified against the suspect.,The suspect was convicted.,The suspect was acquitted.,effect,2,1,Walang mga saksi ng krimen ang tumestigo laban sa suspek.,Ang suspek ay nahatulan.,Ang suspek ay napawalang - sala.
252,The boy pushed his sister.,They played hide and seek.,His sister tattled on him.,effect,2,0,Itinulak ng bata ang kaniyang kapatid na babae.,Naglalaro sila ng taguan at naghahanap.,Siya'y inapi ng kaniyang kapatid na babae.
34,The patient was dehydrated.,The nurse gave him an IV.,The nurse tested his reflexes.,effect,1,0,Ang pasyente ay naubusan ng tubig sa katawan.,Binigyan siya ng nars ng isang IV.,Sinubok ng nars ang kaniyang mga reflexes.
390,The truck crashed into the motorcycle on the bridge.,The motorcyclist died.,The bridge collapsed.,effect,1,0,Ang trak ay bumangga sa motorsiklo sa tulay.,Namatay ang motorista.,Bumagsak ang tulay.
54,The cook stirred the ingredients in the bowl.,The ingredients blended together.,The ingredients melted.,effect,1,0,Hinalo ng tagapagluto ang mga sangkap sa mangkok.,Ang mga sangkap ay pinagsama - sama.,Ang mga sangkap ay natunaw.
1401,The man flushed repeatedly.,The toilet filled with water.,Water flowed from the spout.,effect,1,1,Paulit - ulit na nag - alis ng tubig ang lalaki.,Ang palikuran ay punô ng tubig.,Umaagos ang tubig mula sa singaw.
1215,The fortune teller's revelations were false.,Many customers asked for refunds.,She received many returning customers.,effect,1,1,Mali ang mga pagsisiwalat ng manghuhula.,Maraming parokyano ang humiling ng refunds.,Siya'y tumanggap ng maraming bumabalik na mga parokyano.
228,The car looked filthy.,He owner took it in for a paint job.,The owner took it to the car wash.,effect,2,0,Ang kotse ay mukhang marumi.,Kinuha niya ito para sa isang trabaho sa pagpipinta.,Dinala ito ng may - ari sa paligo ng kotse.
338,The scientist conducted an experiment.,She fabricated her data.,She validated her theory.,effect,2,0,Ang siyentipiko ay nagsagawa ng isang eksperimento.,Inimbento niya ang kaniyang impormasyon.,Pinatutunayan niya ang kaniyang teoriya.
1188,The woman wanted to sell her computer hardware.,She installed new software on the computer.,She deleted old files on the computer.,effect,2,1,Gusto ng babae na ipagbili ang kaniyang computer hardware.,Naglagay siya ng bagong software sa computer.,Inalis niya ang lumang mga file sa computer.
1483,The jewelry thieves were never caught.,The stolen jewelry was returned to its owners.,The cost of the stolen jewelry was calculated.,effect,2,1,Ang mga magnanakaw ng alahas ay hindi kailanman nahuli.,Ang ninakaw na alahas ay ibinalik sa mga may - ari nito.,Ang halaga ng ninakaw na alahas ay kinalkula.
1098,The woman felt dizzy.,She was reminded of her childhood.,She remembered to take her medication.,effect,2,1,Nahilo ang babae.,Ipinaalaala sa kaniya ang kaniyang pagkabata.,Naalaala niyang uminom ng gamot.
1219,The girl demonstrated poor etiquette.,She threw away her napkin after eating.,She put her napkin on her lap before eating.,effect,1,1,Ang batang babae ay nagpakita ng di - mabuting asal.,Itinapon niya ang kaniyang serbilyeta pagkatapos kumain.,Inilagay niya ang kaniyang serpkin sa kaniyang kandungan bago kumain.
1029,The grape juice was boiled.,The juice evaporated.,The juice turned to wine.,effect,1,1,Pinakukuluan ang katas ng ubas.,Ang katas ay sumingaw.,Ang katas ay naging alak.
14,The offender violated parole.,She was sent back to jail.,She stole money from a church.,effect,1,0,Ang nagkasala ay lumabag sa parol.,Siya'y pinabalik sa bilangguan.,Nagnakaw siya ng pera mula sa isang simbahan.
473,The teacher assigned homework to the students.,The students passed notes.,The students groaned.,effect,2,0,Ang guro ay nag - atas ng araling - bahay sa mga estudyante.,Ang mga estudyante ay nagpasa ng mga nota.,Ang mga estudyante ay dumaing.
324,The car stopped at the crosswalk.,The pedestrian crossed the road.,The pedestrian waited on the sidewalk.,effect,1,0,Huminto ang kotse sa pagtawid.,Ang taong naglalakad ay tumawid sa daan.,Ang taong naglalakad ay naghintay sa bangketa.
1140,It was night in a quiet neighborhood.,The security alarm went off.,The homeowners were asleep.,effect,2,1,Gabi noon sa isang tahimik na lugar.,Namatay ang alarma sa seguridad.,Ang mga may - ari ng bahay ay natutulog.
1052,The homeowners liked their neighbors.,They built a fence around their property.,They hosted a barbeque in their backyard.,effect,2,1,Nagustuhan ng mga may - ari ng bahay ang kanilang mga kapitbahay.,Nagtayo sila ng bakod sa palibot ng kanilang pag - aari.,Sila'y naglagay ng isang barbesque sa kanilang likod - bahay.
1037,The papers were important.,I put them into alphabetical order.,I made photocopies of them.,effect,2,1,Ang mga papeles ay mahalaga.,Inilagay ko ang mga ito sa alpabetong pagkakasunud - sunod.,Gumawa ako ng mga photocopy nito.
1429,The girl was thirsty.,Her father took away her dessert.,Her father told her to drink her milk.,effect,2,1,Nauhaw ang babae.,Inalis ng kaniyang ama ang kaniyang panghimagas.,Sinabihan siya ng kaniyang ama na inumin ang kaniyang gatas.
446,The man defied the authorities of the church.,He was excommunicated from the church.,He donated money to the church.,effect,1,0,Tinutulan ng lalaki ang mga awtoridad ng simbahan.,Siya'y itiniwalag sa simbahan.,Nag - abuloy siya ng salapi sa simbahan.
92,The photographer got the child to smile.,The photographer quickly snapped the child's photo.,The photographer quickly changed the child's pose.,effect,1,0,Pinangitian ng litratista ang bata.,Agad na binasag ng litratista ang larawan ng bata.,Agad na binago ng litratista ang larawan ng bata.
1255,The passenger on the airplane made a distracting noise.,The airplane crashed.,The pilot made an error.,effect,2,1,Ang pasahero sa eroplano ay gumawa ng nakaaabalang ingay.,Bumagsak ang eroplano.,Nagkamali ang piloto.
22,The woman's date wanted to look like a gentleman.,He opened the door for her.,He asked her if she liked sushi.,effect,1,0,Ang petsa ng babae ay gustong magmukhang ginoo.,Binuksan niya ang pinto para sa kaniya.,Tinanong niya siya kung gusto niya ng sushi.
1313,The woman wanted a divorce. ,She cancelled her appointments.,She contacted her lawyer.,effect,2,1,Nais ng babae na makipagdiborsiyo.,Pinawalang - bisa niya ang kaniyang mga pag - aatas.,Nakipag - ugnayan siya sa kaniyang abogado.
399,The man's watch was broken.,He waited at the bus stop.,He asked a stranger for the time.,effect,2,0,Nabali ang relo ng lalaki.,Naghintay siya sa hintuan ng bus.,Tinanong niya ang isang estranghero nang panahong iyon.
1130,The producted was replaced.,The product became outdated.,Consumers recognized the product.,effect,1,1,Pinalitan ang produkto.,Ang produkto ay naging lipas na.,Nakilala ng mga mamimili ang produkto.
1227,The child obeyed her parents.,Her parents hugged her.,Her parents punished her.,effect,1,1,Sumunod ang bata sa kaniyang mga magulang.,Niyapos siya ng kaniyang mga magulang.,Pinarusahan siya ng kaniyang mga magulang.
61,The man threw his empty can onto the street.,He was fined for littering.,He was jumped from behind.,effect,1,0,Inihagis ng lalaki ang kaniyang bakanteng lata sa lansangan.,Pinagmulta siya dahil sa pagpapakalat.,Siya ay tumalon mula sa likod.
444,The student was in a rush to get to school on time.,He left his assignment at home.,He brought his lunch to school.,effect,1,0,Ang estudyante ay nagmamadaling pumasok sa paaralan nang nasa oras.,Iniwan niya ang kaniyang atas sa bahay.,Dinala niya ang kaniyang pananghalian sa paaralan.
159,The archeologist dug up the site.,She read about the site's history.,She excavated ancient artifacts.,effect,2,0,Nahukay ng arkeologo ang lugar.,Nabasa niya ang tungkol sa kasaysayan ng lugar na iyon.,Naghukay siya ng sinaunang mga artifact.
1234,The school principal effected the honor code.,Students were expelled from school.,Students protested the decision.,effect,1,1,Ipinatupad ng prinsipal ng paaralan ang kodigo ng karangalan.,Ang mga estudyante ay pinaalis sa paaralan.,Tinutulan ng mga estudyante ang pasiya.
1284,The woman wanted to see a doctor.,She went to medical school.,She visited the hospital.,effect,2,1,Nais ng babae na magpatingin sa isang doktor.,Nag - aral siya ng medisina.,Pumunta siya sa ospital.
1377,I made a resolution to become fitter.,I attended a yoga class.,I bought fruits and vegetables.,effect,1,1,Gumawa ako ng isang resolusyon upang maging matatag.,Nag - aral ako sa isang klase sa yoga.,Bumili ako ng mga prutas at gulay.
1475,The politician was very popular.,He was removed from office.,He campaigned for re-election.,effect,2,1,Napakapopular ng pulitiko.,Siya ay tinanggal sa tungkulin.,Nangampanya siya para sa re-election.
1252,The boy found his sister.,They played hide and seek.,His sister tattled on him.,effect,1,1,Natagpuan ng bata ang kanyang kapatid na babae.,Naglalaro sila ng taguan at naghahanap.,Siya'y inapi ng kaniyang kapatid na babae.
140,A burglar broke into the house.,The homeowners were asleep.,The security alarm went off.,effect,2,0,Isang magnanakaw ang pumasok sa bahay.,Ang mga may - ari ng bahay ay natutulog.,Namatay ang alarma sa seguridad.
1111,The book was deemed appropriate for children.,Teachers required students to read it.,Schools banned it from its libraries.,effect,1,1,Ang aklat ay itinuturing na angkop para sa mga bata.,Hiniling ng mga guro na basahin ito ng mga estudyante.,Ipinagbawal ito ng mga paaralan sa mga aklatan nito.
1446,The man is a long-time member of the church.,He donated money to the church.,He was excommunicated from the church.,effect,1,1,Ang lalaki ay isang mahabang-panahong miyembro ng simbahan.,Nag - abuloy siya ng salapi sa simbahan.,Siya'y itiniwalag sa simbahan.
142,The mirror in the bathroom fogged up.,The girl applied her makeup.,The girl turned on the fan.,effect,2,0,Nagdilim ang salamin sa banyo.,Ikinapit ng batang babae ang kaniyang meykap.,Binuksan ng batang babae ang pamaypay.
1142,The mirror in the bathroom cleared up.,The girl turned on the fan.,The girl applied her makeup.,effect,2,1,Ang salamin sa banyo ay luminaw.,Binuksan ng batang babae ang pamaypay.,Ikinapit ng batang babae ang kaniyang meykap.
321,The man needed coins to fill the parking meter.,He begged people on the street for loose change.,He searched under his car seats for loose change.,effect,2,0,Ang lalaki ay nangangailangan ng mga barya upang punan ang metro ng paradahan.,Nakiusap siya sa mga tao sa lansangan para sa maluwag na pagbabago.,Naghanap siya sa ilalim ng kaniyang kotse ng mga upuan para sa maluwag na pagbabago.
111,The book was deemed inappropriate for children.,Schools banned it from its libraries.,Teachers required students to read it.,effect,1,0,Ang aklat ay itinuturing na di - angkop para sa mga bata.,Ipinagbawal ito ng mga paaralan sa mga aklatan nito.,Hiniling ng mga guro na basahin ito ng mga estudyante.
39,The seamstress pushed the threaded needle into the fabric.,The thread went through the fabric.,The thread wrapped around the needle.,effect,1,0,Itinulak ng mananahi ang karayom na may sinulid sa tela.,Ang sinulid ay pumasok sa tela.,Ang sinulid na nakabalot sa karayom.
60,The crowd gave the band a standing ovation.,The band reappeared on the stage.,The band signed autographs.,effect,1,0,Ang pulutong ay nagpapalakpakan sa banda.,Ang banda ay muling lumitaw sa entablado.,Ang banda ay lumagda ng mga awtograpo.
1374,The man dealt well with the tragedy.,He refused to talk about it.,He got over it easily.,effect,2,1,Naging maganda ang pakikitungo ng lalaki sa trahedya.,Ayaw niyang pag - usapan ito.,Madali niyang napagtagumpayan ito.
1110,I was interested in the professor's lecture.,I paid attention to the professor.,I asked the professor questions.,effect,1,1,Interesado ako sa lektyur ng propesor.,Binigyang - pansin ko ang propesor.,Nagtanong ako sa propesor.
406,I doubted the salesman's pitch.,I turned his offer down.,He persuaded me to buy the product.,effect,1,0,Pinag - alinlanganan ko ang tono ng ahente.,Tinanggihan ko ang alok niya.,Hinikayat niya akong bilhin ang produkto.
222,The toddler started crying.,Her parents took away her toy.,Her parents gave her a toy.,effect,2,0,Ang bata ay nagsimulang umiyak.,Kinuha siya ng kanyang mga magulang ng laruan.,Binigyan siya ng kaniyang mga magulang ng laruan.
1191,The woman wanted to change her environment.,She began travelling abroad.,She began going to church.,effect,1,1,Nais ng babae na baguhin ang kaniyang kapaligiran.,Nagsimula siyang maglakbay sa ibang bansa.,Nagsimula siyang magsimba.
296,A group of teenagers crashed the party.,The host of the party kicked them out.,The host of the party invited them in.,effect,1,0,Winasak ng isang grupo ng mga tin - edyer ang partido.,Itinapon sila ng host ng partido.,Pinapasok sila ng punong - abala.
134,The girl came across an unfamiliar word in her textbook.,She looked the term up in the dictionary.,She chucked the textbook across the room.,effect,1,0,Nakakita ang batang babae ng isang di - pamilyar na salita sa kaniyang aklat - aralin.,Tiningnan niya ang kataga sa diksiyonaryo.,Kaniyang tinapik ang aklat - aralin sa kabila ng silid.
1425,The man showed his new car to the woman.,The woman rejected him.,The woman envied him.,effect,2,1,Ipinakita ng lalaki ang kaniyang bagong kotse sa babae.,Itinakwil siya ng babae.,Nainggit sa kaniya ang babae.
1392,The swimmer did not win the race.,Her team lost the meet.,She received a gold medal.,effect,1,1,Hindi nanalo sa karera ang manlalangoy.,Natalo ang kanyang koponan.,Nakatanggap siya ng gintong medalya.
429,The girl refused to eat her vegetables.,Her father told her to drink her milk.,Her father took away her dessert.,effect,2,0,Ayaw kainin ng batang babae ang kaniyang gulay.,Sinabihan siya ng kaniyang ama na inumin ang kaniyang gatas.,Inalis ng kaniyang ama ang kaniyang panghimagas.
224,The man uncovered incriminating evidence against his enemy.,The man avoided his enemy.,The man blackmailed his enemy.,effect,2,0,Natuklasan ng lalaki ang ebidensiyang nagpapatunay laban sa kaniyang kaaway.,Iniwasan ng lalaki ang kaniyang kaaway.,Tinakot ng lalaki ang kaniyang kaaway.
1477,The lobbyist persuaded the president that the bill was bad for business.,The president vetoed the bill.,The legislature passed the bill.,effect,1,1,Hinikayat ng lobbyist ang pangulo na ang panukalang batas ay masama para sa negosyo.,Hinango ng pangulo ang panukalang - batas.,Ipinasa ng batasan ang panukalang batas.
326,My knees buckled on the stairs.,I caught myself on the railing.,The railing came loose from the wall.,effect,1,0,Lumuhod ang aking mga tuhod sa hagdan.,Naipit ko ang aking sarili sa pag - aaway.,Ang barangay ay natanggal sa dingding.
1319,Most members were unable to join.,The meeting was postponed.,The meeting commenced.,effect,1,1,Karamihan sa mga miyembro ay hindi sumali.,Ang pulong ay ipinagpaliban.,Nagsimula ang pulong.
341,I put ice cubes in the hot soup.,The soup became thick.,The soup cooled down.,effect,2,0,Inilagay ko ang mga cube ng yelo sa mainit na sopas.,Ang sabaw ay naging malapot.,Ang sabaw ay lumamig.
318,The woman presented her brother with a gift.,Her brother unwrapped the gift.,Her brother refused to accept the gift.,effect,1,0,Binigyan ng babae ang kaniyang kapatid ng isang regalo.,Binigay ng kaniyang kapatid na lalaki ang regalo.,Hindi tinanggap ng kaniyang kapatid na lalaki ang regalo.
1196,The boy yelled his reply to his mother.,His mother told him to speak up.,His mother told him to whisper.,effect,2,1,Sinigawan ng bata ang kaniyang ina.,Sinabihan siya ng kaniyang ina na magsalita.,Sinabihan siya ng kanyang ina na magbulong-bulong.
1060,The crowd waited for the rock band at the airport.,The band signed autographs.,The band reappeared on the stage.,effect,1,1,Hinintay ng pulutong ang bandang rock sa paliparan.,Ang banda ay lumagda ng mga awtograpo.,Ang banda ay muling lumitaw sa entablado.
452,My subscription to the magazine expired.,I discarded the new issue.,I stopped receiving new issues.,effect,2,0,Ang suskrisyon ko sa magasin ay natapos.,Inalis ko ang bagong labas.,Hindi na ako tumanggap ng bagong mga isyu.
402,The girl found a bug in her cereal.,She lost her appetite.,She poured milk in the bowl.,effect,1,0,Natagpuan ng batang babae ang isang insekto sa kaniyang cereal.,Nawalan siya ng ganang kumain.,Ibinuhos niya ang gatas sa mangkok.
1321,The poor man recently lost his job.,He searched under his car seats for loose change.,He begged people on the street for loose change.,effect,2,1,Ang mahirap na lalaki ay nawalan ng trabaho kamakailan.,Naghanap siya sa ilalim ng kaniyang kotse ng mga upuan para sa maluwag na pagbabago.,Nakiusap siya sa mga tao sa lansangan para sa maluwag na pagbabago.
173,The host served dinner to his guests.,His guests were gracious.,His guests went hungry.,effect,1,0,Ang punong - abala ay naghahain ng hapunan sa kaniyang mga bisita.,Ang kaniyang mga panauhin ay magiliw.,Nagutom ang kaniyang mga panauhin.
1406,I salesman's pitch was very good.,He persuaded me to buy the product.,I turned his offer down.,effect,1,1,Ang tono ng katawan ng ahente ay napakahusay.,Hinikayat niya akong bilhin ang produkto.,Tinanggihan ko ang alok niya.
286,My daughter suffered an allergy attack.,I took her to the emergency room.,I encouraged her to take deep breaths.,effect,1,0,Ang aking anak na babae ay inatake ng alerdyi.,Dinala ko siya sa emergency room.,Hinimok ko siyang huminga nang malalim.
1186,The doctor discovered the patient's arm was broken.,He discovered that the patient's arm was broken.,He put the patient's arm in a cast.,effect,2,1,Natuklasan ng doktor na nabali ang braso ng pasyente.,Natuklasan niya na nabali ang braso ng pasyente.,Inilagay niya ang braso ng pasyente sa isang molde.
472,The tree branch landed in the river.,The river's current became stronger.,The branch moved downstream.,effect,2,0,Ang sanga ng puno ay lumapag sa ilog.,Lalong lumakas ang agos ng ilog.,Ang sangay ay bumaba sa ilog.
1484,Political violence finally ended in the nation.,Many citizens relocated to the capitol.,Many citizens took refuge in other territories.,effect,1,1,Sa wakas ang pulitikal na karahasan ay nagwakas sa bansa.,Maraming mamamayan ang lumipat sa capitol.,Maraming mamamayan ang nanganlong sa ibang teritoryo.
453,The detective revealed an anomaly in the case.,He scrapped his theory.,He finalized his theory.,effect,1,0,Ang tiktik ay nagsiwalat ng isang anomalya sa kaso.,Kinayod niya ang kaniyang teoriya.,Ang kaniyang teoriya ay kaniyang ginawang huli.
238,The man had an attack of conscience.,He manipulated his friend.,He admitted his indiscretion.,effect,2,0,Ang lalaki ay inatake ng budhi.,Inimpluwensiyahan niya ang kaniyang kaibigan.,Inamin niya ang kaniyang kawalang - ingat.
423,I put my hands under the running faucet.,The water splashed in my face.,The soap rinsed off my hands.,effect,2,0,Inilagay ko ang aking mga kamay sa ilalim ng tumatakbong gripo.,Ang tubig ay tumapon sa aking mukha.,Hinugasan ng sabon ang aking mga kamay.
1312,The woman was about to cook.,She took antibiotics.,She washed her hands.,effect,2,1,Paluluto na sana ang babae.,Uminom siya ng mga antibiyotiko.,Hinugasan niya ang kaniyang mga kamay.
225,The girl pushed herself off the top of the slide.,She glided down the slide.,She crawled up the slide.,effect,1,0,Ang batang babae ay itinulak ang kaniyang sarili mula sa tuktok ng slide.,Siya'y nagpadulas pababa sa padulasan.,Gumapang siya sa padulasan.
1308,The woman worried whether she would be late.,The woman took her sweater off.,The woman glanced at her watch.,effect,2,1,Nag - aalala ang babae kung magiging huli kaya siya.,Inalis ng babae ang kaniyang pangginaw.,Ang babae ay tumingin sa kaniyang relos.
12,The elderly woman suffered a stroke.,The woman's daughter came over to clean her house.,The woman's daughter moved in to take care of her.,effect,2,0,Ang may edad nang babae ay naistrok.,Ang anak na babae ng babae ay lumapit upang linisin ang kaniyang bahay.,Ang anak na babae ng babae ay lumipat upang alagaan siya.
1185,The woman was questioned about the scar on her face.,She hid the scar with makeup.,She explained the scar to strangers.,effect,2,1,Ang babae ay tinanong tungkol sa pilat sa kaniyang mukha.,Itinago niya ang pilat sa pamamagitan ng meykap.,Ipinaliwanag niya ang pilat sa mga estranghero.
1254,The cloud computer was blocked.,I brought my umbrella to work.,I brought my laptop to work.,effect,2,1,Ang cloud computer ay naharangan.,Dinala ko ang aking payong sa trabaho.,Dinala ko sa trabaho ang aking laptop.
1322,The customer had enough money for the souvenir.,He bargained with the vendor.,The vender sold it to him.,effect,2,1,Ang parokyano ay may sapat na pera para sa subenir.,Nakipagtawaran siya sa tindero.,Ipinagbili ito sa kaniya ng vendier.
189,The girl performed in a dance recital.,Her parents came to watch the recital.,Her parents showed her how to dance.,effect,1,0,Ang batang babae ay nagtanghal sa isang recital ng sayaw.,Ang kaniyang mga magulang ay dumating upang panoorin ang pagbigkas.,Ipinakita sa kaniya ng kaniyang mga magulang kung paano sumayaw.
1389,The girl hated her parents.,She obeyed her parent's rules.,She ran away from home.,effect,2,1,Kinapootan ng batang babae ang kaniyang mga magulang.,Sinunod niya ang mga tuntunin ng kaniyang magulang.,Siya'y lumayas sa tahanan.
477,The lobbyist persuaded the legislature to support the bill.,The president vetoed the bill.,The legislature passed the bill.,effect,2,0,Hinikayat ng lobbyist ang lehislatura na suportahan ang panukalang batas.,Hinango ng pangulo ang panukalang - batas.,Ipinasa ng batasan ang panukalang batas.
1192,The buerau drawers were opened.,I threw away unnecessary contents.,I locked the drawers shut.,effect,2,1,Binuksan ang mga drower ng puerau.,Itinapon ko ang di - kinakailangang mga nilalaman.,Isinara ko ang mga kahon.
114,The surfer caught the wave.,She paddled her board into the ocean.,The wave carried her to the shore.,effect,2,0,Nahuli ng surfer ang alon.,Hinila niya ang kaniyang tabla sa karagatan.,Dinala siya ng alon sa dalampasigan.
52,The homeowners disliked their nosy neighbors.,They built a fence around their property.,They hosted a barbeque in their backyard.,effect,1,0,Ayaw ng mga may - ari ng bahay ang kanilang walang - kuwentang mga kapitbahay.,Nagtayo sila ng bakod sa palibot ng kanilang pag - aari.,Sila'y naglagay ng isang barbesque sa kanilang likod - bahay.
1132,The cowgirl missed her lasso towards the horse.,The horse trotted into the barn.,The lasso grabbed onto the horse.,effect,1,1,Hinahanap - hanap ng cowgirl ang kaniyang lasso patungo sa kabayo.,Ang kabayo ay tumatakbo sa kamalig.,Sinunggaban ng lasso ang kabayo.
421,The student misspelled the word.,The teacher dismissed her.,The teacher corrected her.,effect,2,0,Hinahanap - hanap ng estudyante ang salitang ito.,Siya'y pinaalis ng guro.,Siya'y itinuwid ng guro.
1162,I tossed the ball forward.,The ball hit the ceiling.,The ball rolled across the ground.,effect,2,1,Inihagis ko ang bola sa unahan.,Ang bola ay tumama sa kisame.,Ang bola ay gumugulong sa lupa.
1397,The man wanted to make a note.,The man retrieved a pen from his pocket.,The man put his glasses on.,effect,1,1,Nais ng lalaki na magbigay ng nota.,Kinuha ng lalaki ang isang pluma mula sa kaniyang bulsa.,Isinusuot ng lalaki ang kaniyang salamin sa mata.
281,The shopper wondered about the cost of the item.,He decided to buy it.,He checked its price tag.,effect,2,0,Ang mamimili ay nag - iisip tungkol sa halaga ng bagay na iyon.,Ipinasiya niyang bilhin ito.,Sinuri niya ang presyo nito.
1208,The man woke up late.,He missed an appointment with the dentist.,He made an appointment with the dentist.,effect,1,1,Ang lalaki ay nagising nang huli.,Hindi siya nakipag - appointment sa dentista.,Nakipag - appointment siya sa dentista.
261,The police officer pulled over the celebrity.,The celebrity sued the police officer.,The celebrity offered the officer a bribe.,effect,2,0,Tinangay ng opisyal ng pulisya ang sikat na mga tao.,Ang sikat na mga tao ay nagdemanda sa opisyal ng pulisya.,Inalok ng celebrity ang opisyal ng suhol.
329,The DJ turned the music on.,People began to dance.,People left the party.,effect,1,0,Binuksan ng DJ ang musika.,Nagsimulang sumayaw ang mga tao.,Iniwan ng mga tao ang partido.
1073,The authorities brought on the case many years later.,They withheld the victim's name from the public.,The victim struggled to recall details about the crime.,effect,2,1,Ang kaso ay dinala ng mga awtoridad pagkalipas ng maraming taon.,Ipinagkait nila sa publiko ang pangalan ng biktima.,Ang biktima ay nakipagpunyagi upang maalaala ang mga detalye tungkol sa krimen.
1469,An old coal mine was turned into a beautiful park.,Environmentalists started a petition.,Environmentalists produced a documentary.,effect,2,1,Isang lumang minahan ng karbon ang ginawang isang magandang parke.,Sinimulan ng mga dalubhasa sa kapaligiran ang isang petisyon.,Ang mga dalubhasa sa kapaligiran ay gumawa ng isang dokumentaryo.
1107,The man looked at his list.,He realized he was early.,He realized he forgot something.,effect,2,1,Tiningnan ng lalaki ang kaniyang listahan.,Natanto niya na maaga siya.,Natanto niya na may nakalimutan siya.
1355,I got ready to clean the room.,I put the rubber gloves on.,I clamped my hand over my nose.,effect,1,1,Ako'y naghanda upang linisin ang silid.,Inilagay ko ang mga guwantes na goma.,Inipit ko ang aking kamay sa aking ilong.
1133,The group was offended by the woman's faux pas.,The woman apologized.,The woman was relieved.,effect,1,1,Ang grupo ay nagalit sa faux pas ng babae.,Humingi ng paumanhin ang babae.,Nakahinga nang maluwag ang babae.
272,The woman betrayed her friend.,Her friend cut off contact with her.,Her friend sent her a greeting card.,effect,1,0,Niloko ng babae ang kaniyang kaibigan.,Pinutol ng kaniyang kaibigan ang pakikipag - ugnayan sa kaniya.,Pinadalhan siya ng kaniyang kaibigan ng isang kard na pambati.
112,The man begged for forgiveness.,The woman joked around with him.,The woman took pity on him.,effect,2,0,Humingi ng tawad ang lalaki.,Ang babae ay nagbirong kasama niya.,Naawa sa kaniya ang babae.
1228,The car looked keyed.,He owner took it in for a paint job.,The owner took it to the car wash.,effect,1,1,Nakakandado ang kotse.,Kinuha niya ito para sa isang trabaho sa pagpipinta.,Dinala ito ng may - ari sa paligo ng kotse.
27,The toddler became cranky.,Her mother fixed her hair into pigtails.,Her mother put her down for a nap.,effect,2,0,Ang bata ay nanlinlang.,Ang kaniyang ina ay naglagay ng kaniyang buhok sa mga pigtail.,Pinahiga siya ng kaniyang ina para sa pag - idlip.
